Name,Value,Positions,Age,Shooting,Speed,Passing,Tackling,Leadership,Set Pieces,Dirtyness,Goal Keeping,Team
DEAN MORRISON,547199,Defense Midfield,30,93,82,82,72,90,89,0,38,FREE AGENT
RENATO POWERS,540000,Midfield Forward,16,99,48,70,100,95,91,6,1,FREE AGENT
TOBY WALKER,493200,Midfield Forward,23,69,89,62,77,71,90,16,38,FREE AGENT
HUNG LEACH,487200,Midfield Forward,16,88,70,61,53,99,90,31,24,FREE AGENT
DOUGLASS PHAM,478000,Goal Keeper,20,79,60,39,100,99,74,51,99,FREE AGENT
BRIAN SHORT,470000,Goal Keeper,29,33,10,87,96,77,78,3,94,FREE AGENT
JOHNIE RICHARDS,468000,Midfield Forward,28,99,67,86,98,70,97,58,15,FREE AGENT
KENDRICK FERGUSON,466799,Defense Midfield,16,75,57,68,73,95,66,9,12,FREE AGENT
CHRISTOPHER IRWIN,460799,Defense Midfield,31,58,85,98,59,85,86,29,35,FREE AGENT
ARMANDO ARNOLD,457200,Midfield Forward,18,61,78,95,94,43,41,0,23,FREE AGENT
ERNESTO GUERRA,456000,Midfield Forward,23,57,93,89,88,99,8,7,22,FREE AGENT
NORBERT BONILLA,452400,Midfield Forward,26,80,84,94,60,88,41,31,39,FREE AGENT
DOYLE OCONNOR,451200,Midfield Forward,23,86,48,93,90,95,26,17,24,FREE AGENT
DAVIS CLAY,451200,Defense Midfield,18,55,44,100,91,94,19,11,38,FREE AGENT
AGUSTIN CASE,448000,Goal Keeper,22,54,57,67,70,70,90,44,94,FREE AGENT
JORDON DOUGLAS,447599,Defense Midfield,18,74,98,61,61,53,66,26,40,FREE AGENT
MYLES PARKS,446400,Defense Midfield,30,64,58,99,90,83,58,19,29,FREE AGENT
CYRIL OCONNELL,444000,Goal Keeper,28,12,75,17,94,87,43,6,94,FREE AGENT
LOUIE DOUGLAS,442800,Midfield Forward,19,70,98,90,47,50,92,32,11,FREE AGENT
MOISES OSBORN,441000,Goal Keeper,31,61,80,10,26,57,96,26,94,FREE AGENT
NATHAN STANTON,441000,Goal Keeper,29,73,77,95,52,86,69,40,96,FREE AGENT
ELIJAH ANTHONY,432000,Defense Midfield,16,53,84,57,50,71,58,15,50,FREE AGENT
BLAINE FITZPATRICK,422400,Midfield Forward,28,80,97,64,43,97,89,43,9,FREE AGENT
TANNER COOPER,422000,Goal Keeper,35,64,39,45,81,93,65,42,94,FREE AGENT
WILFREDO VASQUEZ,422000,Goal Keeper,26,44,90,76,99,37,91,38,96,FREE AGENT
ABRAHAM BELL,421000,Goal Keeper,28,33,100,45,72,68,92,67,96,FREE AGENT
MARLON TRAN,421000,Midfield,28,97,86,98,100,26,96,34,36,FREE AGENT
ANTIONE STEIN,418000,Forward,20,87,56,98,87,61,93,51,47,FREE AGENT
RAMON HARRIS,412000,Goal Keeper,37,58,16,35,44,64,50,20,98,FREE AGENT
ROYAL GREENE,411599,Defense Midfield,24,93,61,82,71,89,2,7,24,FREE AGENT
DERICK NICHOLS,411000,Goal Keeper,23,57,77,72,87,61,96,32,83,FREE AGENT
ISMAEL WASHINGTON,409200,Defense Midfield,17,30,53,81,73,89,80,62,48,FREE AGENT
AUBREY LYNN,408000,Defense Midfield,23,29,79,79,66,98,81,30,7,FREE AGENT
TITUS GARNER,405000,Midfield,19,62,91,77,97,65,77,14,7,FREE AGENT
SHELBY RUSSO,405000,Goal Keeper,23,38,21,28,89,7,81,25,97,FREE AGENT
REINALDO SUMMERS,404000,Defense,24,51,74,76,83,96,67,0,29,FREE AGENT
STEVEN MURRAY,403200,Defense Midfield,16,33,86,76,68,47,89,25,10,FREE AGENT
REED BASS,398400,Defense Midfield,24,47,58,62,98,98,54,48,35,FREE AGENT
ROGER LEBLANC,397200,Defense Midfield,18,100,17,53,89,64,71,42,33,FREE AGENT
TRAVIS MCCARTHY,396000,Defense,25,77,70,99,74,89,90,67,39,FREE AGENT
PEDRO MATHEWS,396000,Midfield,18,83,15,96,93,80,87,33,29,FREE AGENT
JULES WAGNER,394800,Defense Midfield,21,74,69,44,92,96,77,96,36,FREE AGENT
EDGAR MIDDLETON,394000,Defense,27,71,70,74,93,85,89,17,10,FREE AGENT
RODNEY KRAUSE,393599,Defense Midfield,28,54,49,64,97,57,58,14,47,FREE AGENT
ARLEN CHASE,393000,Forward,19,71,24,85,88,68,85,0,29,FREE AGENT
COLE GRIFFITH,391200,Defense Midfield,26,52,69,100,49,98,75,44,5,FREE AGENT
KRISTOPHER MITCHELL,391000,Defense,16,12,96,99,76,79,88,36,25,FREE AGENT
LEE ELLISON,391000,Goal Keeper,20,42,79,66,6,75,17,21,90,FREE AGENT
STEPHAN PACE,391000,Forward,22,76,21,91,71,92,87,23,42,FREE AGENT
GARRY MEYERS,388000,Midfield,23,56,78,89,81,60,63,1,31,FREE AGENT
CLAY WHITE,387000,Defense,23,37,62,89,96,100,85,23,10,FREE AGENT
ALLAN HICKS,387000,Midfield,29,66,74,79,79,88,54,12,46,FREE AGENT
ALFONZO BLANKENSHIP,386400,Defense Midfield,20,60,99,94,58,65,58,63,11,FREE AGENT
LOGAN DUNCAN,386000,Midfield,23,60,96,78,83,30,93,21,36,FREE AGENT
TODD ROSARIO,384000,Defense Midfield,20,49,82,71,87,82,11,13,11,FREE AGENT
JC OLSON,384000,Defense Midfield,27,62,90,68,86,67,10,20,38,FREE AGENT
BRENTON WATTS,384000,Midfield Forward,24,68,70,91,76,47,80,88,48,FREE AGENT
JAKE MORSE,384000,Goal Keeper,23,50,70,9,50,70,98,42,76,FREE AGENT
LEIGH THORNTON,382800,Defense Midfield,27,98,85,91,66,81,26,67,20,FREE AGENT
JON MENDEZ,382000,Midfield,21,76,68,90,96,79,56,41,21,FREE AGENT
DEANDRE WALL,382000,Goal Keeper,27,40,44,53,95,33,88,9,81,FREE AGENT
STANLEY NOBLE,382000,Midfield,18,91,79,90,45,47,80,0,4,FREE AGENT
MIGUEL ELLIOTT,380400,Defense Midfield,22,80,68,72,67,98,45,56,9,FREE AGENT
REGINALD HOUSTON,380000,Midfield,18,88,77,71,76,64,19,1,40,FREE AGENT
DUDLEY MUNOZ,379200,Defense Midfield,20,57,28,97,85,100,65,93,37,FREE AGENT
KENETH KIM,379200,Midfield Forward,19,86,100,95,32,49,43,48,16,FREE AGENT
LEO GOOD,378000,Defense Midfield,24,45,94,85,45,78,80,74,34,FREE AGENT
EMMANUEL SPEARS,378000,Goal Keeper,17,12,31,64,48,81,52,73,88,FREE AGENT
TOMMIE MCFARLAND,375599,Defense Midfield,33,87,54,73,72,63,99,72,36,FREE AGENT
MOSES WHITEHEAD,375599,Midfield Forward,25,88,49,81,38,67,31,12,46,FREE AGENT
AUGUST CRANE,375599,Defense Midfield,32,90,43,50,65,98,27,7,43,FREE AGENT
REINALDO MIRANDA,374400,Midfield Forward,21,46,51,93,87,90,6,8,10,FREE AGENT
FELTON RIVERA,373000,Midfield,25,92,88,44,50,89,65,14,34,FREE AGENT
EFREN RIOS,372000,Goal Keeper,38,18,46,53,74,91,79,62,85,FREE AGENT
RORY LEWIS,372000,Forward,32,67,82,100,90,80,99,98,48,FREE AGENT
BARRY STEIN,371000,Goal Keeper,38,10,54,85,30,82,1,0,91,FREE AGENT
HOUSTON HALE,371000,Goal Keeper,34,27,51,21,4,62,71,66,93,FREE AGENT
FLOYD MAHONEY,370800,Defense Midfield,16,28,43,99,75,17,82,8,21,FREE AGENT
TERRY FRYE,370000,Goal Keeper,20,56,98,14,69,26,70,2,79,FREE AGENT
REY RIVERS,370000,Midfield,29,92,42,75,98,66,65,13,32,FREE AGENT
KRAIG FITZPATRICK,369599,Midfield Forward,34,74,45,73,87,85,52,15,9,FREE AGENT
DEMETRIUS ALVAREZ,369000,Defense,21,50,30,81,95,93,69,11,25,FREE AGENT
BERTRAM GIBSON,369000,Goal Keeper,35,38,13,13,62,28,57,10,91,FREE AGENT
MAJOR POTTER,368400,Defense Midfield,29,46,79,93,63,31,60,4,26,FREE AGENT
GENE HOLMES,368400,Midfield Forward,17,48,68,67,94,43,86,86,38,FREE AGENT
CLYDE MAYNARD,368000,Forward,17,75,87,70,23,70,84,13,23,FREE AGENT
DARIO TERRY,368000,Goal Keeper,19,40,38,68,63,69,51,34,80,FREE AGENT
TROY GREEN,364000,Goal Keeper,16,79,43,1,37,83,91,54,69,FREE AGENT
KELVIN COLE,364000,Goal Keeper,29,1,69,48,99,16,89,83,100,FREE AGENT
SHAD CHEN,364000,Goal Keeper,20,38,100,17,43,5,88,89,100,FREE AGENT
BLAKE MCDOWELL,362000,Defense,26,62,82,62,62,97,62,1,14,FREE AGENT
ROLAND VELAZQUEZ,362000,Midfield,24,30,68,84,76,74,62,4,44,FREE AGENT
BENTON SMALL,361000,Midfield,28,87,78,94,61,65,90,54,24,FREE AGENT
ZACKARY PARK,360000,Defense Midfield,27,76,83,56,61,40,67,17,15,FREE AGENT
JOAQUIN HARDING,360000,Midfield Forward,22,56,79,97,52,15,80,14,1,FREE AGENT
RAYMON INGRAM,359000,Defense,18,49,50,53,85,74,87,34,49,FREE AGENT
GEOFFREY MCNEIL,359000,Midfield,37,88,26,97,99,36,95,17,46,FREE AGENT
VITO WILCOX,359000,Midfield,25,50,72,81,54,90,94,39,32,FREE AGENT
DEAN HINTON,359000,Midfield,32,51,56,51,96,81,86,0,34,FREE AGENT
BOOKER PARSONS,359000,Midfield,22,95,89,84,54,59,70,53,27,FREE AGENT
RODOLFO KRAMER,358000,Goal Keeper,29,49,12,91,17,45,58,35,87,FREE AGENT
TRUMAN WERNER,358000,Goal Keeper,32,74,24,9,34,99,28,17,78,FREE AGENT
SHANE REYNOLDS,357599,Defense Midfield,16,83,63,74,65,88,1,48,20,FREE AGENT
ABRAHAM VILLANUEVA,357599,Defense Midfield,29,96,54,68,79,95,11,44,26,FREE AGENT
JARRED PORTER,357000,Goal Keeper,23,11,71,76,68,54,39,70,95,FREE AGENT
CHASE TURNER,357000,Midfield,25,37,92,84,83,78,73,27,12,FREE AGENT
LANNY WOLF,356400,Midfield Forward,18,82,59,59,97,87,22,61,6,FREE AGENT
TYLER LARSEN,354000,Defense,16,53,82,2,85,68,83,17,46,FREE AGENT
ENRIQUE BRUCE,350400,Defense Midfield,31,78,51,46,77,49,65,17,36,FREE AGENT
BURTON FARLEY,350000,Defense,30,76,84,35,86,33,83,0,43,FREE AGENT
HARRISON GRIMES,349200,Midfield Forward,19,62,99,79,55,2,92,51,10,FREE AGENT
TOBY FLOWERS,349000,Midfield,27,90,14,75,89,85,97,56,36,FREE AGENT
JAME JACOBSON,348000,Defense Midfield,27,80,61,75,64,89,4,46,44,FREE AGENT
ROBBY GRAHAM,348000,Goal Keeper,19,47,28,76,59,56,79,25,69,FREE AGENT
ABDUL BYRD,347000,Midfield,23,43,97,53,91,41,77,32,46,FREE AGENT
MERRILL SHIELDS,347000,Goal Keeper,32,77,46,100,84,25,54,60,98,FREE AGENT
BRYON SANFORD,347000,Defense,20,65,19,92,100,51,40,8,48,FREE AGENT
KENNITH CORTEZ,345599,Defense Midfield,33,74,55,86,60,73,76,83,46,FREE AGENT
MARIA BURGESS,345599,Midfield Forward,31,74,59,74,67,67,50,25,15,FREE AGENT
EMMETT HOUSE,345000,Midfield,35,88,41,94,89,46,56,10,46,FREE AGENT
EDWARD SLOAN,345000,Forward,28,84,95,1,93,98,46,23,35,FREE AGENT
BURTON PONCE,344400,Defense Midfield,28,71,80,45,84,95,13,40,23,FREE AGENT
IGNACIO DAUGHERTY,344400,Defense Midfield,28,89,19,55,55,75,58,10,30,FREE AGENT
AMBROSE WEBSTER,343200,Midfield Forward,18,53,60,86,41,48,79,29,2,FREE AGENT
FORREST PHAM,343200,Defense Midfield,22,72,38,91,51,31,84,26,11,FREE AGENT
SANFORD WALLS,343000,Goal Keeper,22,53,50,19,77,33,57,7,76,FREE AGENT
FABIAN BAUTISTA,343000,Forward,22,55,21,100,85,58,86,7,11,FREE AGENT
DOMINIC POWELL,343000,Midfield,31,98,45,87,44,89,62,2,13,FREE AGENT
PARIS MYERS,342000,Midfield,21,82,72,65,72,28,89,17,14,FREE AGENT
LEWIS RAYMOND,342000,Midfield,20,78,31,67,99,72,25,0,30,FREE AGENT
DAREN NUNEZ,342000,Defense Midfield,26,77,74,82,90,30,61,54,3,FREE AGENT
BILL HURLEY,342000,Midfield,23,64,98,96,59,93,28,75,48,FREE AGENT
SPENCER MOON,341000,Forward,27,92,59,70,49,46,99,42,49,FREE AGENT
WESTON KENT,340000,Forward,29,99,43,84,93,80,56,56,28,FREE AGENT
THEODORE INGRAM,340000,Forward,20,76,25,46,68,94,98,22,15,FREE AGENT
ROLAND MONTOYA,339599,Midfield Forward,32,73,84,49,34,81,53,26,31,FREE AGENT
EUGENE DAVIES,339599,Midfield Forward,21,48,48,98,80,80,43,62,11,FREE AGENT
LOREN RANGEL,339000,Goal Keeper,37,8,62,15,1,95,77,43,71,FREE AGENT
ROBERTO HARRINGTON,339000,Goal Keeper,34,49,27,82,11,12,79,64,95,FREE AGENT
SCOT HOOD,339000,Forward,27,66,60,52,73,95,51,6,29,FREE AGENT
SEBASTIAN ENGLISH,338400,Defense Midfield,34,85,56,54,46,97,76,78,48,FREE AGENT
REX FOSTER,338400,Defense Midfield,17,64,47,63,60,21,86,37,29,FREE AGENT
WELDON CONLEY,337200,Defense Midfield,19,71,60,77,48,65,44,64,37,FREE AGENT
GEORGE MONTES,337000,Midfield,32,94,54,61,89,34,76,5,30,FREE AGENT
GAIL DELGADO,336000,Midfield,23,32,79,92,97,44,66,15,10,FREE AGENT
LYMAN TORRES,336000,Defense,25,75,90,82,89,57,10,17,25,FREE AGENT
FAUSTO PITTS,335000,Defense,31,79,49,54,83,83,65,18,33,FREE AGENT
EUSEBIO MEJIA,335000,Goal Keeper,30,42,62,43,64,44,69,10,73,FREE AGENT
TUAN BRANDT,335000,Goal Keeper,28,47,21,34,56,45,68,62,85,FREE AGENT
ALDO BERG,334800,Defense Midfield,28,81,64,54,99,62,84,98,17,FREE AGENT
FERMIN CHANDLER,334800,Midfield Forward,22,89,47,98,35,73,55,72,20,FREE AGENT
FREDERIC LANE,334000,Midfield,16,65,100,89,31,35,58,0,4,FREE AGENT
DAREN MARKS,333599,Midfield Forward,16,46,44,96,87,66,25,53,15,FREE AGENT
MARGARITO STOUT,333599,Midfield Forward,32,97,75,54,36,18,73,19,40,FREE AGENT
ANDERSON CONRAD,333599,Midfield Forward,35,66,39,85,49,89,55,42,42,FREE AGENT
CHRIS MCKNIGHT,333599,Midfield Forward,17,58,38,89,39,41,60,45,49,FREE AGENT
CONNIE HAMILTON,332000,Forward,20,57,63,22,99,71,63,5,22,FREE AGENT
MAC RICHARDSON,331200,Midfield Forward,32,51,64,75,84,77,61,58,18,FREE AGENT
CLYDE HAMPTON,331200,Defense Midfield,24,64,98,45,99,76,32,72,6,FREE AGENT
ALVARO BYRD,331000,Defense,16,39,90,45,74,50,85,24,20,FREE AGENT
MARTIN BLACK,330000,Midfield Forward,24,40,81,40,59,41,75,30,41,FREE AGENT
LESTER HOWARD,330000,Forward,16,64,70,81,40,71,75,59,36,FREE AGENT
TRACEY ROBLES,330000,Midfield Forward,27,83,20,97,66,98,17,42,17,FREE AGENT
SHELBY MILLER,330000,Forward,25,84,89,69,75,38,21,19,48,FREE AGENT
NELSON HUTCHINSON,329000,Defense,18,55,33,90,44,90,99,41,13,FREE AGENT
THADDEUS MORAN,329000,Midfield,29,31,66,74,54,80,100,22,33,FREE AGENT
VICTOR KOCH,328800,Defense Midfield,30,37,72,87,46,7,89,0,26,FREE AGENT
THADDEUS SAUNDERS,328000,Goal Keeper,20,75,13,68,66,35,75,34,73,FREE AGENT
STEVIE FRAZIER,327599,Defense Midfield,17,81,63,68,66,47,64,83,18,FREE AGENT
JODY LIN,327000,Forward,17,42,59,98,77,87,58,62,19,FREE AGENT
ARDEN KELLEY,327000,Forward,17,100,80,84,51,23,84,72,28,FREE AGENT
DWIGHT OWEN,327000,Forward,18,88,60,9,33,95,87,15,24,FREE AGENT
COREY BLANCHARD,326400,Midfield Forward,28,100,14,81,53,77,92,63,2,FREE AGENT
HEATH TODD,326000,Defense,21,47,52,79,100,25,70,22,38,FREE AGENT
DARNELL MATHEWS,326000,Midfield,18,53,23,52,96,89,96,69,40,FREE AGENT
MARCEL DUARTE,326000,Midfield,16,65,52,45,83,79,43,29,36,FREE AGENT
BRYCE PITTMAN,325200,Midfield Forward,28,100,38,98,26,37,58,9,7,FREE AGENT
YOUNG STONE,325000,Midfield,19,56,86,75,80,40,47,37,35,FREE AGENT
ALAN LOWE,323000,Goal Keeper,35,56,18,27,23,83,34,16,73,FREE AGENT
JEROMY PUGH,323000,Midfield,24,25,91,98,59,62,84,34,10,FREE AGENT
KEN SANTOS,322800,Defense Midfield,27,48,78,93,73,96,7,90,45,FREE AGENT
CECIL AVERY,322800,Defense Midfield,20,55,86,93,85,11,23,66,42,FREE AGENT
GREGORY MACK,322800,Defense Midfield,20,35,45,89,81,42,35,47,49,FREE AGENT
BENNIE VAUGHAN,322000,Midfield,38,74,60,60,98,56,72,8,24,FREE AGENT
FRANK HERRERA,322000,Forward,17,45,49,39,49,88,90,31,44,FREE AGENT
CHANCE CAIN,322000,Midfield,20,33,75,100,57,94,55,49,17,FREE AGENT
COLTON FERRELL,322000,Goal Keeper,32,10,23,41,36,38,78,6,69,FREE AGENT
STANTON MONROE,321599,Defense Midfield,19,92,92,97,44,44,8,59,7,FREE AGENT
ROBERTO MAYS,321599,Midfield Forward,35,100,25,81,82,48,48,43,32,FREE AGENT
TEODORO COOLEY,320400,Defense Midfield,38,27,68,93,100,59,63,36,7,FREE AGENT
BART VILLARREAL,320000,Midfield,37,68,37,69,97,97,99,44,8,FREE AGENT
LAMAR RASMUSSEN,320000,Goal Keeper,21,16,100,87,19,67,19,32,77,FREE AGENT
HIPOLITO REYNOLDS,320000,Goal Keeper,21,43,27,28,97,55,86,79,75,FREE AGENT
TRENTON THORNTON,320000,Midfield,17,84,80,95,71,26,67,83,31,FREE AGENT
RAYMON COLLINS,319200,Defense Midfield,19,68,92,44,91,19,16,20,13,FREE AGENT
EVERETTE AUSTIN,319200,Midfield Forward,22,40,95,68,96,39,19,41,16,FREE AGENT
OSWALDO CHASE,319200,Midfield Forward,31,44,62,88,68,57,79,81,42,FREE AGENT
AHMED MCDANIEL,319200,Midfield Forward,19,49,76,92,57,50,69,94,24,FREE AGENT
ELROY WILKINSON,319000,Midfield,25,98,32,47,98,83,35,26,27,FREE AGENT
ANGELO MEZA,319000,Goal Keeper,33,18,20,59,32,56,4,75,100,FREE AGENT
RHETT HAHN,318000,Midfield,24,57,81,83,64,7,83,31,46,FREE AGENT
JOE KELLY,318000,Defense,21,58,70,73,75,91,29,28,13,FREE AGENT
PHILLIP CASTRO,318000,Midfield Forward,29,44,40,61,53,94,76,60,44,FREE AGENT
FRANCISCO FRITZ,318000,Goal Keeper,26,61,96,38,44,29,43,2,75,FREE AGENT
FRANK ANDREWS,317000,Forward,31,100,65,17,72,77,76,13,16,FREE AGENT
VANCE WARD,317000,Midfield,17,79,39,71,33,51,83,2,14,FREE AGENT
CLEMENTE MOLINA,315599,Midfield Forward,17,49,97,51,43,10,91,41,14,FREE AGENT
LEWIS WILKINS,315599,Defense Midfield,29,90,68,72,76,45,24,75,50,FREE AGENT
ROSCOE BROWNING,315000,Midfield,20,76,14,100,70,94,20,27,28,FREE AGENT
TRENTON CAMERON,315000,Midfield,34,74,59,89,86,64,74,77,48,FREE AGENT
SANFORD REEVES,314000,Midfield,18,96,93,83,48,10,69,73,42,FREE AGENT
MELVIN MYERS,314000,Midfield,21,66,85,82,26,26,82,37,47,FREE AGENT
RUSSEL SOLIS,313200,Defense Midfield,34,36,26,74,85,29,88,16,41,FREE AGENT
LINCOLN MCCULLOUGH,313000,Goal Keeper,19,17,42,83,7,35,30,30,79,FREE AGENT
PORTER RAYMOND,313000,Goal Keeper,20,24,90,9,99,75,74,32,59,FREE AGENT
TYRON SELLERS,312000,Defense,23,16,93,43,59,88,81,49,50,FREE AGENT
JONATHAN SUMMERS,312000,Goal Keeper,35,8,68,9,26,49,24,35,86,FREE AGENT
MAXIMO ODOM,312000,Forward,21,65,28,90,74,5,97,26,42,FREE AGENT
JAIME COLE,312000,Forward,26,83,51,65,33,93,80,26,11,FREE AGENT
MOHAMED RHODES,312000,Midfield,31,76,29,100,50,51,93,25,31,FREE AGENT
CLAUDIO MUNOZ,311000,Forward,17,69,64,47,52,51,99,54,34,FREE AGENT
PORTER UNDERWOOD,311000,Midfield,24,84,72,40,25,69,87,15,21,FREE AGENT
JOSEF PARSONS,311000,Defense,21,68,80,2,69,80,46,19,48,FREE AGENT
GUS ROMAN,310800,Defense Midfield,36,65,39,72,53,69,71,51,49,FREE AGENT
CHAD MOODY,310800,Midfield Forward,21,73,45,56,98,40,88,81,3,FREE AGENT
ADRIAN MATHIS,310800,Defense Midfield,22,43,23,56,97,53,79,48,22,FREE AGENT
AUGUSTUS CLAYTON,310000,Forward,17,62,18,80,70,55,99,73,50,FREE AGENT
CLIFFORD COCHRAN,310000,Midfield,16,39,77,46,86,33,82,34,29,FREE AGENT
ANTONY VELAZQUEZ,310000,Midfield,22,43,66,70,80,98,35,24,8,FREE AGENT
DENNY COLON,310000,Defense,30,63,65,86,77,30,68,21,32,FREE AGENT
ALAN FRYE,309599,Defense Midfield,16,97,14,56,71,73,55,97,37,FREE AGENT
ZACK HOGAN,309599,Midfield Forward,26,88,41,59,71,28,63,58,44,FREE AGENT
WHITNEY WEST,309000,Midfield,35,81,69,87,94,100,34,56,5,FREE AGENT
GERALD DAVIDSON,309000,Forward,20,99,11,93,68,96,81,82,3,FREE AGENT
MIKEL SHORT,309000,Defense,20,40,100,58,96,4,49,24,46,FREE AGENT
RENE VANCE,308400,Midfield Forward,31,85,10,78,99,3,63,0,12,FREE AGENT
OLEN RICHARD,308000,Defense,24,32,68,19,99,38,93,1,32,FREE AGENT
MILTON PEREZ,307200,Midfield Forward,37,91,39,62,67,64,64,46,26,FREE AGENT
CORDELL HODGES,307200,Midfield Forward,17,68,17,88,77,7,40,24,34,FREE AGENT
JAMISON TRUJILLO,307200,Defense Midfield,31,31,48,93,92,68,0,10,27,FREE AGENT
BROOKS DANIELS,307000,Defense,27,58,28,61,78,69,62,12,44,FREE AGENT
BASIL CHRISTENSEN,306000,Midfield,18,97,70,41,35,55,95,62,29,FREE AGENT
DOMINGO PEARSON,306000,Defense Midfield,32,69,30,76,65,11,100,27,27,FREE AGENT
SETH MALDONADO,305000,Defense,31,50,79,41,85,100,23,14,34,FREE AGENT
MARGARITO JOHNSON,305000,Midfield,16,60,21,51,53,77,69,1,23,FREE AGENT
CONNIE GOULD,305000,Forward,24,58,83,13,49,74,98,37,39,FREE AGENT
EDGARDO RUSSELL,305000,Goal Keeper,37,12,52,32,25,22,73,88,93,FREE AGENT
JULIUS WILLIS,305000,Defense,22,78,76,32,96,71,4,4,18,FREE AGENT
BRYAN MAYO,304800,Defense Midfield,19,37,23,61,58,68,68,5,1,FREE AGENT
RUSTY ANTHONY,304800,Midfield Forward,28,100,46,44,100,22,36,19,9,FREE AGENT
KEENAN SIMON,304000,Midfield,16,64,86,46,60,73,23,0,0,FREE AGENT
ERIN BARNETT,304000,Defense,22,19,76,94,62,65,12,1,43,FREE AGENT
JULIO MASSEY,304000,Goal Keeper,17,21,73,99,81,30,29,89,92,FREE AGENT
BARNEY TRAVIS,304000,Goal Keeper,36,29,49,54,97,13,44,9,82,FREE AGENT
MACK WATTS,303000,Goal Keeper,30,78,68,22,98,53,68,2,61,FREE AGENT
COLTON CALLAHAN,303000,Midfield,19,25,76,90,80,37,76,44,20,FREE AGENT
JEWEL PETERSEN,303000,Defense,16,0,77,48,71,78,90,55,42,FREE AGENT
LOUIS MARTIN,302000,Midfield,28,57,75,76,88,62,82,94,40,FREE AGENT
CHAD SPENCE,302000,Forward,21,61,65,87,88,59,25,43,23,FREE AGENT
ADOLPH BAXTER,302000,Goal Keeper,38,51,27,36,71,56,92,54,71,FREE AGENT
GUY RICHARD,301200,Midfield Forward,34,54,29,79,80,32,49,10,40,FREE AGENT
MATHEW BEAN,301000,Midfield,24,75,52,90,83,11,60,40,42,FREE AGENT
BENNETT MONTGOMERY,300000,Forward,19,77,43,68,93,24,94,47,5,FREE AGENT
WALTER DIAZ,300000,Defense,18,57,95,18,89,43,52,9,9,FREE AGENT
KIRK MACIAS,300000,Midfield Forward,16,71,55,81,84,33,30,74,18,FREE AGENT
RICO MASSEY,300000,Defense,20,62,66,87,83,57,88,86,3,FREE AGENT
JARROD CALDWELL,299000,Midfield,16,85,91,96,27,17,86,87,32,FREE AGENT
EDGAR PACHECO,299000,Midfield,29,73,64,92,48,95,1,37,50,FREE AGENT
SANDY BROWNING,298800,Midfield Forward,27,63,22,88,59,46,50,2,4,FREE AGENT
TONEY ZAMORA,298000,Midfield,21,48,85,71,77,70,61,56,5,FREE AGENT
TYRELL MILLER,298000,Defense,17,39,96,39,55,82,92,57,3,FREE AGENT
ALPHONSO GRIMES,297599,Midfield Forward,37,91,12,69,69,84,48,46,32,FREE AGENT
ANTHONY WARD,297599,Midfield Forward,32,60,80,42,27,79,94,71,33,FREE AGENT
TRACEY MORROW,297000,Forward,20,64,76,53,100,22,88,76,30,FREE AGENT
ALDO WU,297000,Goal Keeper,26,67,36,18,92,39,29,27,77,FREE AGENT
DEWEY ARELLANO,297000,Goal Keeper,23,18,18,69,41,21,35,89,94,FREE AGENT
OWEN ESPINOZA,296400,Midfield Forward,33,93,49,46,41,46,67,27,31,FREE AGENT
DUANE LI,296400,Defense Midfield,34,94,12,45,40,59,90,9,18,FREE AGENT
JUSTIN BOLTON,296400,Midfield Forward,27,47,29,86,93,63,9,48,49,FREE AGENT
GALEN BEASLEY,296400,Defense Midfield,31,51,38,69,90,48,100,68,12,FREE AGENT
SIDNEY KRAMER,296400,Defense Midfield,18,81,32,45,61,37,78,82,49,FREE AGENT
RENATO HAMMOND,296000,Midfield,22,99,67,46,87,82,56,94,19,FREE AGENT
FELIPE HESS,296000,Midfield,29,89,40,71,99,58,15,4,15,FREE AGENT
MILFORD CUNNINGHAM,295000,Midfield,28,71,42,89,80,36,72,55,44,FREE AGENT
MARKUS SHAFFER,295000,Defense,23,77,89,39,93,62,23,36,17,FREE AGENT
JOESPH FRANKLIN,295000,Forward,31,54,69,25,100,89,81,58,28,FREE AGENT
BLAINE COLEMAN,295000,Forward,21,72,46,75,62,71,21,5,16,FREE AGENT
VAN BECK,294000,Defense,18,25,69,65,84,48,97,72,32,FREE AGENT
QUINCY WALKER,294000,Defense,27,45,81,33,47,50,87,7,39,FREE AGENT
JOHNSON AGUIRRE,294000,Goal Keeper,19,1,96,19,22,63,21,52,75,FREE AGENT
BARRETT PONCE,294000,Forward,26,71,80,97,31,61,38,53,47,FREE AGENT
FERNANDO COLON,293000,Midfield,24,70,82,89,85,15,35,43,32,FREE AGENT
GREG BARTLETT,293000,Forward,17,87,87,86,51,78,13,82,24,FREE AGENT
NATHANIEL HICKS,293000,Defense,23,32,17,54,96,23,99,2,43,FREE AGENT
MORTON VELAZQUEZ,293000,Defense,16,10,81,97,90,45,35,26,9,FREE AGENT
JONATHON DURHAM,292800,Midfield Forward,31,82,24,54,59,97,36,64,49,FREE AGENT
REINALDO TODD,292000,Goal Keeper,35,49,33,48,96,22,61,17,74,FREE AGENT
WINFRED HALEY,292000,Forward,25,65,94,33,70,27,66,19,31,FREE AGENT
ROBERTO MILES,292000,Midfield,22,53,100,51,85,53,51,60,25,FREE AGENT
SYLVESTER HUERTA,292000,Forward,17,74,84,58,66,48,65,86,34,FREE AGENT
GORDON SPENCE,292000,Midfield,19,84,20,80,87,89,36,62,15,FREE AGENT
JAMIE BARRON,292000,Forward,29,48,65,70,50,89,95,75,37,FREE AGENT
WILLIAN ROCHA,291599,Defense Midfield,27,86,16,63,99,54,47,49,8,FREE AGENT
MIQUEL VEGA,291000,Forward,29,72,27,58,55,52,80,1,35,FREE AGENT
ORVILLE HARPER,290400,Midfield Forward,38,75,33,48,84,69,57,58,48,FREE AGENT
BRYANT DEAN,290000,Midfield,26,48,66,81,89,13,34,11,48,FREE AGENT
OTHA JENSEN,289000,Midfield,25,25,100,77,83,48,35,14,10,FREE AGENT
DARON DELEON,288000,Midfield Forward,17,58,34,50,94,15,58,29,11,FREE AGENT
FEDERICO PAGE,288000,Midfield Forward,23,46,42,86,76,53,69,72,9,FREE AGENT
PABLO MCMAHON,287000,Defense,17,26,59,87,62,36,97,50,21,FREE AGENT
DEWEY ZUNIGA,286000,Forward,20,52,59,63,87,32,86,76,43,FREE AGENT
JEROME ROACH,285599,Midfield Forward,36,87,22,47,59,97,99,87,22,FREE AGENT
ERNIE CASTANEDA,285000,Defense,23,65,52,55,75,100,54,64,17,FREE AGENT
DARREN KNIGHT,285000,Goal Keeper,37,44,38,57,49,82,99,62,60,FREE AGENT
MERRILL LOPEZ,284400,Midfield Forward,29,91,41,85,73,5,56,59,32,FREE AGENT
CARMINE COMPTON,284400,Defense Midfield,31,81,16,50,96,52,56,35,14,FREE AGENT
ROLANDO CONTRERAS,284400,Midfield Forward,30,77,47,59,97,30,99,89,7,FREE AGENT
KIETH SOSA,284400,Midfield Forward,20,86,37,44,86,12,5,11,38,FREE AGENT
DALLAS BARTON,284000,Goal Keeper,36,28,59,35,92,61,81,62,69,FREE AGENT
BORIS STARK,283200,Midfield Forward,20,40,31,62,26,50,53,4,38,FREE AGENT
EDMOND MCCALL,283200,Defense Midfield,31,71,43,73,79,70,33,47,7,FREE AGENT
VINCENZO HESS,283000,Forward,26,68,43,94,39,80,42,29,24,FREE AGENT
HARLAN GUTIERREZ,283000,Forward,21,70,48,87,24,23,93,12,13,FREE AGENT
PHILLIP ACEVEDO,283000,Midfield,38,74,29,89,93,74,56,46,28,FREE AGENT
YONG CAMPOS,283000,Midfield,36,82,23,85,98,20,97,28,14,FREE AGENT
BRENDAN TOWNSEND,283000,Goal Keeper,29,34,60,98,7,80,39,22,61,FREE AGENT
DAMIAN LEWIS,282000,Defense,27,20,53,69,65,94,30,13,45,FREE AGENT
CHI SALAS,282000,Midfield,35,94,50,73,59,25,89,42,39,FREE AGENT
BASIL PACHECO,282000,Midfield,35,82,68,96,41,79,56,41,6,FREE AGENT
QUINN WILCOX,282000,Midfield Forward,24,52,33,55,80,26,43,15,33,FREE AGENT
KYLE HOOVER,281000,Goal Keeper,22,76,44,92,94,28,47,42,73,FREE AGENT
ALDO FARLEY,281000,Forward,35,78,29,79,96,77,55,64,36,FREE AGENT
TRINIDAD PAYNE,281000,Forward,20,59,20,52,93,41,75,20,21,FREE AGENT
RODRICK THOMAS,281000,Forward,24,62,14,40,93,41,82,22,43,FREE AGENT
ALTON LAMBERT,281000,Defense,27,2,84,64,48,80,45,0,39,FREE AGENT
CORNELIUS MCCULLOUGH,280000,Defense,18,50,95,10,47,85,71,66,42,FREE AGENT
MILO PACHECO,280000,Midfield,20,55,26,65,66,65,82,68,49,FREE AGENT
GERRY HUNTER,279599,Midfield Forward,19,41,65,76,96,39,17,56,12,FREE AGENT
ADAM FARRELL,279000,Forward,16,45,34,57,91,86,32,27,9,FREE AGENT
SANTIAGO LAWSON,279000,Midfield,24,93,23,70,54,71,99,82,23,FREE AGENT
WALTON RIVERA,279000,Midfield,32,52,47,100,63,22,69,16,38,FREE AGENT
RALEIGH HENDRICKS,278400,Midfield Forward,38,78,61,84,39,66,33,33,18,FREE AGENT
ARLEN LAMBERT,278000,Forward,24,61,82,90,49,35,18,29,44,FREE AGENT
ALBERT EVANS,278000,Midfield,18,66,88,70,71,30,29,47,25,FREE AGENT
LUCIO ADKINS,277200,Midfield Forward,31,85,31,46,85,93,54,88,18,FREE AGENT
AUGUST NOBLE,277000,Midfield,21,67,69,69,50,92,6,39,26,FREE AGENT
THADDEUS REYES,277000,Defense,20,1,97,27,98,13,92,29,38,FREE AGENT
STEVEN HOLMES,276000,Defense,33,67,34,51,69,27,88,7,46,FREE AGENT
GENE DUKE,276000,Forward,35,97,63,91,67,52,43,55,23,FREE AGENT
ALBERT WIGGINS,275000,Midfield,36,96,51,81,66,32,67,56,46,FREE AGENT
GRADY SUMMERS,274800,Defense Midfield,29,43,72,59,70,2,68,33,35,FREE AGENT
LUCIUS ESPARZA,274000,Midfield,17,26,33,52,44,82,62,8,34,FREE AGENT
KENT VALENZUELA,273599,Midfield Forward,22,66,11,56,75,68,68,60,10,FREE AGENT
ERNEST SANDERS,273599,Midfield Forward,25,47,44,70,75,12,98,63,20,FREE AGENT
ABEL DOMINGUEZ,272400,Defense Midfield,27,51,47,67,100,53,10,49,29,FREE AGENT
ELVIS OCONNOR,272400,Defense Midfield,32,81,51,56,46,38,62,21,10,FREE AGENT
DALTON WATKINS,272400,Midfield Forward,16,95,16,79,30,10,18,23,50,FREE AGENT
JAMISON MCCONNELL,272000,Midfield,33,42,72,87,94,72,3,38,39,FREE AGENT
WADE MULLINS,272000,Midfield,22,99,25,61,86,74,52,86,27,FREE AGENT
SOL RHODES,272000,Midfield,26,44,69,59,41,44,91,17,19,FREE AGENT
MILFORD COFFEY,272000,Defense,16,74,41,79,49,18,78,35,16,FREE AGENT
EDGARDO WALTER,271200,Midfield Forward,21,72,57,95,26,22,2,17,32,FREE AGENT
HARRY BRAY,271200,Defense Midfield,32,75,69,72,58,20,1,7,34,FREE AGENT
GERARDO GOOD,271000,Forward,24,65,64,47,6,86,82,47,40,FREE AGENT
CHADWICK MUNOZ,271000,Goal Keeper,31,70,13,14,84,35,3,85,95,FREE AGENT
TREY WISE,271000,Midfield,31,44,76,86,65,39,91,86,49,FREE AGENT
EVERETTE CHAMBERS,271000,Midfield,19,50,61,49,54,69,58,35,22,FREE AGENT
FERMIN PORTER,271000,Forward,21,59,34,82,21,68,39,0,31,FREE AGENT
MAX NICHOLSON,270000,Midfield,34,72,44,73,83,0,79,5,26,FREE AGENT
BENITO KEITH,270000,Defense,19,46,95,47,72,53,44,69,39,FREE AGENT
LUCIEN WEBER,270000,Defense Midfield,22,31,54,55,71,81,14,57,42,FREE AGENT
ROBIN CASEY,270000,Forward,32,48,34,1,95,80,97,37,48,FREE AGENT
BRENTON JARVIS,270000,Midfield Forward,33,78,69,77,80,54,11,89,44,FREE AGENT
ADALBERTO CURRY,270000,Forward,17,67,91,82,35,40,24,49,31,FREE AGENT
BRAD COPELAND,270000,Forward,16,97,88,6,11,26,76,24,38,FREE AGENT
OWEN GALLAGHER,268800,Midfield Forward,27,56,88,92,44,94,19,92,4,FREE AGENT
PHIL KEITH,268800,Defense Midfield,19,27,16,63,78,35,68,35,29,FREE AGENT
RICHIE TOWNSEND,268000,Forward,24,87,50,69,78,34,67,78,33,FREE AGENT
HERIBERTO MORRIS,268000,Goal Keeper,25,63,16,78,10,96,80,90,58,FREE AGENT
DEMARCUS STUART,268000,Defense,35,37,70,13,52,96,96,26,35,FREE AGENT
CHARLEY NGUYEN,268000,Forward,17,73,25,22,37,75,89,31,29,FREE AGENT
NICKY ONEILL,268000,Midfield,16,77,93,57,34,70,8,24,1,FREE AGENT
JED PETERSEN,267599,Midfield Forward,33,100,13,71,77,43,23,38,33,FREE AGENT
VAN WEBSTER,267599,Defense Midfield,25,61,79,82,54,43,48,71,2,FREE AGENT
MARSHALL STEWART,267000,Midfield,17,86,42,77,41,73,39,56,16,FREE AGENT
BILLY PRICE,267000,Midfield,30,54,13,59,96,58,88,51,40,FREE AGENT
JOHNIE SAMPSON,266400,Defense Midfield,34,46,10,89,80,79,98,94,16,FREE AGENT
RAMIRO HINTON,266000,Forward,25,70,65,58,18,2,84,1,45,FREE AGENT
JAMEL ROLLINS,266000,Midfield,23,100,46,55,41,20,74,15,14,FREE AGENT
HUEY CHAN,266000,Defense,33,57,49,83,88,22,69,33,30,FREE AGENT
LON WILKERSON,265200,Defense Midfield,33,40,40,81,97,80,51,70,1,FREE AGENT
REGGIE RICHARDS,265200,Midfield Forward,21,48,34,78,34,62,50,24,2,FREE AGENT
PARIS ESPARZA,265000,Forward,34,66,21,55,86,95,85,53,12,FREE AGENT
WILLARD NOBLE,265000,Defense,27,66,43,97,41,80,35,39,23,FREE AGENT
MICHAEL ROBERTS,265000,Forward,23,55,54,17,92,67,32,2,19,FREE AGENT
LUKE MONTOYA,265000,Defense,22,10,69,72,97,30,48,20,25,FREE AGENT
DARRICK BIRD,264000,Forward,22,52,74,11,74,81,24,22,36,FREE AGENT
CASEY DICKSON,264000,Midfield,31,35,68,70,68,7,69,2,42,FREE AGENT
JARRED SEXTON,264000,Forward,18,86,62,8,40,43,75,22,26,FREE AGENT
MAYNARD FROST,264000,Midfield,26,26,55,79,66,99,65,67,19,FREE AGENT
LOU MATHIS,263000,Goal Keeper,25,80,58,69,39,1,75,87,81,FREE AGENT
NOBLE MCCULLOUGH,263000,Midfield,30,89,35,67,51,93,87,84,15,FREE AGENT
DEANGELO BAXTER,263000,Forward,35,76,43,16,89,100,93,96,47,FREE AGENT
DESMOND HAYS,262800,Defense Midfield,29,32,21,65,84,89,66,52,1,FREE AGENT
BERRY RIVERA,262000,Forward,22,45,34,90,76,20,35,0,28,FREE AGENT
BARRETT CRAIG,261599,Defense Midfield,18,83,14,43,68,11,11,6,48,FREE AGENT
JOESPH JAMES,261000,Forward,26,82,66,92,68,16,23,45,37,FREE AGENT
FELIX MOON,261000,Defense,30,51,80,88,79,39,85,93,22,FREE AGENT
MILTON JOYCE,261000,Midfield,29,73,30,80,59,92,30,17,1,FREE AGENT
MONTY MONTOYA,261000,Midfield,22,60,60,46,57,99,75,77,7,FREE AGENT
NATHAN OBRIEN,261000,Midfield,35,47,48,41,72,60,71,18,45,FREE AGENT
SYDNEY NGUYEN,261000,Midfield,23,40,72,78,95,82,40,92,15,FREE AGENT
CHUCK COCHRAN,261000,Midfield,31,37,57,62,95,18,89,19,15,FREE AGENT
EMERSON RICHARDSON,261000,Defense,24,80,83,4,57,42,73,12,6,FREE AGENT
DEMETRIUS WOODARD,261000,Defense,16,7,77,22,76,77,93,87,44,FREE AGENT
WILLIAM HOWE,260000,Forward,34,99,13,36,38,70,86,28,48,FREE AGENT
BEN MORRIS,260000,Defense,20,68,71,68,96,1,20,29,25,FREE AGENT
CHRIS MOSLEY,260000,Goal Keeper,30,59,54,8,38,62,92,54,55,FREE AGENT
EMMITT PARKER,260000,Forward,17,59,23,73,60,66,47,41,24,FREE AGENT
AUGUSTUS NICHOLSON,259200,Defense Midfield,38,93,31,77,66,51,57,61,16,FREE AGENT
RICHIE BURGESS,259000,Goal Keeper,32,78,60,0,38,47,79,39,59,FREE AGENT
OSVALDO ALLISON,259000,Defense,30,48,64,97,65,78,22,33,8,FREE AGENT
KENTON YODER,259000,Midfield,38,95,64,65,67,41,43,32,30,FREE AGENT
FERMIN MOLINA,258000,Goal Keeper,17,48,54,27,36,25,6,39,75,FREE AGENT
COLE MCCLAIN,257000,Forward,17,78,81,10,93,52,19,42,17,FREE AGENT
HAI WILLIAMS,256000,Midfield,28,97,68,45,47,3,41,10,49,FREE AGENT
DALLAS DUNLAP,256000,Forward,16,50,56,97,8,75,55,81,44,FREE AGENT
ROLAND FRANCO,256000,Forward,24,65,84,48,80,34,78,72,11,FREE AGENT
JEAN THOMPSON,256000,Midfield,18,46,35,52,86,66,68,61,18,FREE AGENT
BILLY SOLOMON,256000,Defense,20,71,72,66,49,25,74,86,45,FREE AGENT
OWEN COOLEY,255600,Defense Midfield,23,96,14,89,52,92,11,83,11,FREE AGENT
KING ERICKSON,255600,Midfield Forward,16,58,69,94,60,18,1,69,30,FREE AGENT
YONG OLSON,255600,Midfield Forward,19,79,34,61,73,60,2,84,45,FREE AGENT
NEWTON BEST,255000,Forward,17,59,98,14,82,36,32,39,24,FREE AGENT
RICARDO ABBOTT,254399,Defense Midfield,19,32,61,52,60,66,49,52,1,FREE AGENT
KOREY NELSON,254399,Midfield Forward,26,84,19,53,72,46,52,59,23,FREE AGENT
HUMBERTO DAVIES,254000,Midfield,19,99,14,61,67,16,92,75,37,FREE AGENT
VIRGILIO HENRY,254000,Midfield,33,27,81,96,35,59,49,12,18,FREE AGENT
ALEXANDER GILL,254000,Forward,17,95,100,24,86,20,41,84,23,FREE AGENT
JOSUE BAIRD,254000,Midfield,19,65,47,77,26,92,47,59,16,FREE AGENT
HUEY GREEN,254000,Midfield,23,35,52,71,36,21,88,28,48,FREE AGENT
SHON CHAVEZ,253200,Defense Midfield,29,54,11,69,52,62,28,20,42,FREE AGENT
RODGER LOWERY,253000,Goal Keeper,21,76,98,51,27,50,70,49,56,FREE AGENT
DAMIAN ROCHA,253000,Forward,38,73,51,82,18,85,29,3,32,FREE AGENT
CARY HOBBS,253000,Forward,29,69,52,56,73,57,27,9,15,FREE AGENT
BROCK HINTON,252000,Forward,23,86,58,62,58,23,23,13,24,FREE AGENT
MARQUIS POTTER,252000,Midfield Forward,34,57,13,89,66,22,47,27,45,FREE AGENT
STERLING HESS,252000,Defense,16,64,33,60,85,31,12,24,39,FREE AGENT
ALPHONSE MCKINNEY,252000,Defense Midfield,29,64,37,43,97,26,49,23,4,FREE AGENT
DILLON GARDNER,251000,Midfield,26,31,95,88,83,41,51,71,11,FREE AGENT
PARIS RANDOLPH,251000,Defense,21,74,32,93,73,34,76,72,4,FREE AGENT
SAL HUMPHREY,250000,Defense,38,32,18,81,77,98,57,39,40,FREE AGENT
LEONARDO LEVINE,249000,Defense,23,55,95,40,68,41,94,76,1,FREE AGENT
SANTOS MIDDLETON,249000,Defense,19,21,30,81,73,66,87,96,44,FREE AGENT
MARCELLUS HOLDEN,249000,Defense,18,38,74,4,86,15,62,8,32,FREE AGENT
DONTE CHANEY,249000,Midfield,18,99,34,72,99,11,43,77,22,FREE AGENT
CHAUNCEY PATTERSON,249000,Goal Keeper,30,64,66,17,78,70,47,92,71,FREE AGENT
VIRGIL CLAYTON,249000,Defense,16,29,17,29,80,62,81,9,8,FREE AGENT
JAY MCDOWELL,248399,Midfield Forward,19,65,63,75,62,9,33,78,35,FREE AGENT
ELMER WEAVER,248000,Forward,29,78,28,60,76,62,28,12,15,FREE AGENT
RUBIN FRY,248000,Midfield,32,85,66,93,62,63,2,54,27,FREE AGENT
JEROLD HOGAN,248000,Goal Keeper,31,26,22,84,59,56,14,8,62,FREE AGENT
ANTIONE SALAZAR,248000,Forward,22,72,32,88,34,20,92,48,24,FREE AGENT
WES DELEON,248000,Midfield,17,96,32,85,37,1,39,22,31,FREE AGENT
COLUMBUS COLLINS,247000,Defense,38,42,65,87,93,19,100,66,21,FREE AGENT
NED COPELAND,247000,Midfield,32,39,70,96,35,74,71,76,34,FREE AGENT
DARRYL DICKSON,247000,Forward,27,75,65,70,1,99,89,88,17,FREE AGENT
CLARK BECK,247000,Midfield,32,78,22,80,79,60,72,92,44,FREE AGENT
CHESTER ESTES,247000,Midfield,17,98,30,57,40,35,25,29,42,FREE AGENT
CASEY CAMERON,247000,Midfield,28,87,75,49,72,100,13,67,2,FREE AGENT
CYRIL PATTON,247000,Forward,35,48,20,66,75,75,61,7,14,FREE AGENT
DARNELL STANTON,246000,Forward,24,70,39,68,37,10,87,21,28,FREE AGENT
MARQUIS INGRAM,246000,Defense Midfield,30,84,59,73,54,8,34,21,4,FREE AGENT
KELLEY BAIRD,246000,Forward,35,89,11,73,100,81,67,87,17,FREE AGENT
ERNEST NICHOLS,246000,Defense,27,55,82,57,75,95,36,96,23,FREE AGENT
GERALDO LARA,246000,Midfield Forward,18,66,51,42,36,41,77,96,42,FREE AGENT
HENRY BAIRD,245000,Midfield,22,56,74,42,47,74,49,67,36,FREE AGENT
TIM WEBER,245000,Midfield,19,96,49,99,60,57,30,94,5,FREE AGENT
VERNON BARRERA,244000,Forward,18,77,41,63,76,28,70,72,15,FREE AGENT
ARCHIE GOOD,244000,Forward,17,83,81,41,33,22,79,80,36,FREE AGENT
ALPHONSO COCHRAN,244000,Midfield,16,100,29,53,87,2,42,39,18,FREE AGENT
ELLSWORTH ALI,244000,Forward,36,82,59,49,42,37,98,42,27,FREE AGENT
GERARDO BOLTON,243600,Defense Midfield,22,59,51,49,95,12,25,52,30,FREE AGENT
BO DURHAM,243600,Midfield Forward,22,46,58,56,98,27,1,45,28,FREE AGENT
RUSTY CASEY,243000,Defense,23,27,96,65,69,66,74,94,9,FREE AGENT
LUCIO HULL,243000,Defense,34,20,68,81,71,100,93,96,8,FREE AGENT
JOSIAH ZAMORA,243000,Defense,22,75,41,69,47,55,48,31,5,FREE AGENT
WELDON LOGAN,242399,Midfield Forward,36,48,43,96,81,42,88,95,7,FREE AGENT
DERICK KELLEY,242399,Midfield Forward,30,90,60,58,70,54,15,77,22,FREE AGENT
WILLIAM CHARLES,242000,Defense,25,4,59,57,47,55,93,6,8,FREE AGENT
BILLIE ROCHA,242000,Forward,26,65,39,9,58,99,61,57,46,FREE AGENT
JONATHON SCHROEDER,242000,Midfield,22,41,24,45,99,49,51,27,26,FREE AGENT
TRISTAN BOYER,242000,Midfield,23,84,51,78,25,48,51,30,4,FREE AGENT
LUCIEN WARNER,242000,Forward,25,59,57,24,73,54,77,43,16,FREE AGENT
ARDEN SAVAGE,241200,Midfield Forward,36,79,21,57,82,69,13,34,22,FREE AGENT
KIETH BRAY,241000,Defense,32,76,30,60,81,90,3,10,7,FREE AGENT
MILLARD PACE,241000,Forward,27,77,83,70,34,21,58,32,11,FREE AGENT
MITCH WEISS,241000,Defense,32,62,41,73,75,52,95,69,8,FREE AGENT
MOHAMMAD PETERSON,241000,Forward,20,40,74,15,68,49,52,44,47,FREE AGENT
WAYLON RICHMOND,240000,Defense,35,40,49,56,74,78,84,39,3,FREE AGENT
PORTER STEVENSON,239000,Midfield,37,55,65,60,94,97,21,80,38,FREE AGENT
CLEO BARRERA,239000,Midfield,33,41,75,99,52,96,49,92,18,FREE AGENT
JARED DILLON,239000,Midfield,33,43,52,76,85,51,88,73,16,FREE AGENT
GARFIELD SCHMITT,239000,Midfield,21,37,72,63,27,33,63,25,32,FREE AGENT
JULIAN PORTER,238799,Defense Midfield,38,96,31,99,96,2,5,38,22,FREE AGENT
NEVILLE MACDONALD,238000,Defense,27,18,47,61,70,89,71,58,21,FREE AGENT
RILEY DAY,238000,Defense,34,66,52,79,77,73,0,45,38,FREE AGENT
OTHA FLEMING,237000,Goal Keeper,29,37,23,53,2,0,89,34,60,FREE AGENT
MITCHEL BUCKLEY,237000,Midfield,22,66,81,88,48,25,23,77,49,FREE AGENT
TONEY SUAREZ,237000,Forward,23,78,65,63,22,71,82,87,12,FREE AGENT
DARRYL DUARTE,237000,Defense,17,56,78,36,40,13,90,42,17,FREE AGENT
MACK RICHARD,237000,Midfield,38,59,19,63,92,95,23,39,39,FREE AGENT
CLAUDIO KENNEDY,237000,Defense,19,46,97,44,96,5,21,56,41,FREE AGENT
BOB RUSH,237000,Forward,18,47,20,93,14,44,99,73,47,FREE AGENT
GUILLERMO MAY,236000,Defense,18,8,87,10,72,72,59,36,18,FREE AGENT
STEWART HAMPTON,236000,Midfield,36,95,11,85,55,1,80,17,34,FREE AGENT
GARFIELD WOOD,236000,Forward,29,57,37,75,43,80,70,43,4,FREE AGENT
FREDDIE HARDIN,236000,Forward,27,98,26,90,6,58,36,39,42,FREE AGENT
EDWARD SHELTON,236000,Forward,17,83,56,8,67,8,76,14,3,FREE AGENT
EDISON NASH,235200,Midfield Forward,36,70,27,69,83,2,32,26,47,FREE AGENT
AARON HOUSTON,235200,Midfield Forward,38,48,20,60,82,24,60,4,20,FREE AGENT
DARIO REEVES,235000,Goal Keeper,35,77,20,74,50,97,87,79,50,FREE AGENT
SHAD SUTTON,235000,Forward,33,53,80,26,81,77,32,54,39,FREE AGENT
DOMENIC CAMERON,235000,Goal Keeper,31,73,42,23,47,57,26,54,67,FREE AGENT
GUS FRANKLIN,235000,Defense,20,35,51,41,86,67,64,51,2,FREE AGENT
KENDALL COPELAND,235000,Defense,17,32,60,46,42,83,57,41,7,FREE AGENT
FRITZ PATTERSON,234000,Forward,38,62,65,66,87,9,97,80,42,FREE AGENT
ALPHONSO WANG,234000,Midfield,20,31,57,80,42,24,67,45,38,FREE AGENT
WILFREDO MORALES,234000,Defense,30,74,83,14,71,90,30,41,3,FREE AGENT
THEO BUCK,234000,Midfield,34,91,47,98,41,75,16,34,2,FREE AGENT
LOWELL NORMAN,234000,Midfield Forward,19,74,19,83,29,52,38,58,15,FREE AGENT
VINCENZO CLEMENTS,234000,Goal Keeper,33,21,21,39,11,54,20,54,70,FREE AGENT
CAREY TAPIA,233000,Forward,20,47,14,74,3,66,87,3,5,FREE AGENT
BOYCE HOUSTON,233000,Forward,38,94,16,75,31,42,92,16,13,FREE AGENT
CYRUS WEBSTER,233000,Midfield,27,84,53,75,27,58,51,38,4,FREE AGENT
MONTY KELLEY,233000,Defense,27,66,89,69,76,8,26,61,41,FREE AGENT
FREDERICK KLINE,233000,Midfield,29,70,29,48,46,65,72,24,14,FREE AGENT
ELBERT NICHOLS,233000,Forward,21,43,74,66,85,15,30,33,16,FREE AGENT
OMER HESTER,233000,Goal Keeper,36,34,15,7,0,96,16,63,64,FREE AGENT
ERICH WATSON,233000,Forward,34,42,53,96,82,34,59,33,2,FREE AGENT
EDGARDO PRINCE,232799,Defense Midfield,35,50,21,58,71,12,84,12,15,FREE AGENT
JERRELL SMITH,232799,Defense Midfield,27,38,38,57,97,31,28,57,43,FREE AGENT
HARRISON KENT,232000,Midfield,26,80,22,66,96,26,47,28,1,FREE AGENT
PAUL SANTANA,232000,Defense,21,69,21,38,91,77,46,97,50,FREE AGENT
MORRIS ESTES,232000,Defense,16,80,67,34,84,26,25,67,31,FREE AGENT
HUMBERTO ROWE,232000,Defense,18,31,90,26,53,22,80,50,34,FREE AGENT
LES CURRY,232000,Midfield,28,40,34,41,34,86,100,50,31,FREE AGENT
ROBT JOHNSTON,232000,Forward,22,78,55,11,64,82,15,37,30,FREE AGENT
AMBROSE REEVES,232000,Midfield,29,70,66,69,39,59,26,37,27,FREE AGENT
DAREN SHEPHERD,231600,Midfield Forward,31,68,40,64,52,47,42,70,43,FREE AGENT
DERRICK POOLE,231000,Goal Keeper,23,79,49,12,47,65,31,83,66,FREE AGENT
BRAIN SAUNDERS,231000,Midfield,19,47,13,66,59,51,91,54,15,FREE AGENT
EARNEST MAYS,231000,Midfield,25,30,13,96,74,10,81,33,35,FREE AGENT
CHARLIE DOYLE,231000,Defense,21,25,54,97,50,42,97,95,24,FREE AGENT
JORDAN ROBERTS,231000,Defense,18,24,43,54,60,63,71,76,46,FREE AGENT
GERALD RICHMOND,231000,Goal Keeper,32,4,15,30,79,48,68,29,52,FREE AGENT
DIRK HARRIS,231000,Midfield,21,45,74,53,60,23,55,63,47,FREE AGENT
JEFFERY SCHULTZ,231000,Goal Keeper,34,12,17,69,79,80,42,99,69,FREE AGENT
HOSEA WALLER,231000,Goal Keeper,34,13,53,68,20,70,82,85,58,FREE AGENT
ROMAN BENNETT,231000,Forward,23,59,44,88,16,93,45,78,33,FREE AGENT
JUSTIN DAWSON,231000,Defense,25,68,11,74,55,36,50,1,13,FREE AGENT
JACOB SALAS,231000,Midfield,32,36,72,89,55,13,58,30,34,FREE AGENT
CHET DUNLAP,231000,Midfield,19,66,76,86,52,46,26,95,31,FREE AGENT
OREN SHAH,231000,Goal Keeper,38,69,60,81,26,29,12,42,77,FREE AGENT
AUSTIN MCKENZIE,230399,Midfield Forward,36,85,37,60,78,46,57,78,15,FREE AGENT
ELVIS LOPEZ,230000,Midfield,16,36,90,62,50,38,69,83,16,FREE AGENT
WILBER CONNER,230000,Forward,17,65,96,25,66,9,5,9,24,FREE AGENT
JEWELL LANDRY,230000,Forward,36,76,70,86,2,60,41,42,45,FREE AGENT
GARLAND HAMPTON,230000,Defense,19,17,51,43,83,66,37,57,47,FREE AGENT
HUEY KEMP,230000,Forward,28,93,79,52,12,66,24,40,28,FREE AGENT
LINCOLN SALINAS,230000,Defense,23,10,20,66,91,75,97,76,16,FREE AGENT
SEYMOUR JENSEN,229000,Defense,26,17,98,22,60,50,74,45,31,FREE AGENT
SIMON BOOTH,229000,Midfield,34,57,55,74,67,38,43,4,1,FREE AGENT
ANDREA COFFEY,228000,Defense Midfield,31,26,62,52,74,45,75,86,35,FREE AGENT
NUMBERS TRAN,227000,Forward,17,49,23,88,77,50,27,48,12,FREE AGENT
VICENTE BOYD,227000,Midfield,35,37,37,85,64,67,82,48,8,FREE AGENT
ODIS HUDSON,227000,Forward,24,67,78,77,15,57,9,46,42,FREE AGENT
ROBBIE BERRY,227000,Midfield,22,37,25,44,79,82,86,89,29,FREE AGENT
BERT LYONS,227000,Defense,30,34,57,84,47,89,55,77,28,FREE AGENT
ART MORROW,227000,Forward,35,40,61,47,90,33,77,55,39,FREE AGENT
JACINTO JIMENEZ,226799,Midfield Forward,30,50,38,82,69,29,70,66,7,FREE AGENT
KEVEN BRYAN,226000,Forward,29,52,18,27,71,68,62,6,21,FREE AGENT
VINCENZO BUSH,225000,Midfield,19,73,96,53,42,51,5,54,16,FREE AGENT
RODNEY OWEN,225000,Forward,27,82,36,38,34,67,94,69,24,FREE AGENT
JONAH STOKES,225000,Midfield,22,76,53,43,37,38,49,54,49,FREE AGENT
ANTHONY WARREN,224400,Defense Midfield,22,47,82,46,42,45,50,94,35,FREE AGENT
DEANDRE STRICKLAND,224000,Midfield,24,60,22,81,45,62,50,27,3,FREE AGENT
JACQUES BARNES,224000,Forward,16,69,13,93,23,53,82,65,4,FREE AGENT
GERARDO CAMPOS,224000,Forward,22,45,81,38,3,92,47,66,50,FREE AGENT
DONALD SUMMERS,224000,Midfield,22,67,69,53,66,65,4,59,25,FREE AGENT
JARVIS MOLINA,223200,Midfield Forward,30,66,31,67,62,42,13,45,40,FREE AGENT
FREDERIC BOONE,223000,Forward,24,69,33,15,51,36,69,9,31,FREE AGENT
RODGER STANTON,223000,Goal Keeper,28,78,20,35,72,66,5,12,55,FREE AGENT
PORTER VALENTINE,223000,Forward,35,87,43,50,86,54,44,80,44,FREE AGENT
PAUL GLENN,223000,Defense,27,16,25,37,86,67,59,15,29,FREE AGENT
THANH NICHOLSON,223000,Forward,20,97,100,9,63,3,39,62,34,FREE AGENT
PAUL BECK,223000,Forward,29,94,21,96,30,78,35,84,40,FREE AGENT
KENT ZAMORA,223000,Defense,27,29,62,41,92,98,17,55,20,FREE AGENT
ROY GALVAN,222000,Goal Keeper,18,59,94,33,16,81,45,92,56,FREE AGENT
COLIN SALAS,222000,Goal Keeper,16,11,34,89,33,91,1,42,51,FREE AGENT
PAUL WHITNEY,222000,Defense Midfield,34,37,38,48,98,68,28,64,34,FREE AGENT
GARY CLAY,222000,Forward,25,44,33,75,62,19,41,6,29,FREE AGENT
MOHAMED BLAIR,222000,Forward,19,61,15,73,59,78,36,76,33,FREE AGENT
PEDRO DAUGHERTY,221000,Midfield,22,57,14,54,46,75,62,21,0,FREE AGENT
DARYL GAINES,221000,Midfield,37,66,45,72,32,53,38,17,43,FREE AGENT
EMERY KENNEDY,220000,Midfield,35,89,17,67,49,95,30,38,16,FREE AGENT
VAUGHN MEYERS,220000,Defense,17,15,33,99,83,28,94,86,5,FREE AGENT
ALPHONSE HOWE,220000,Forward,35,44,31,65,79,82,54,80,50,FREE AGENT
MARCUS ROBERTSON,220000,Forward,35,56,35,76,42,73,70,68,41,FREE AGENT
TRISTAN MORRIS,219600,Defense Midfield,26,55,18,61,78,42,78,88,17,FREE AGENT
VINCE MCCARTY,219600,Defense Midfield,34,80,29,90,49,20,70,75,22,FREE AGENT
DEWEY CLARK,219000,Forward,29,80,68,15,28,73,37,36,41,FREE AGENT
ELISHA KOCH,219000,Defense,19,12,59,7,62,46,99,10,1,FREE AGENT
CARROL ZHANG,219000,Goal Keeper,36,33,44,94,10,84,29,94,68,FREE AGENT
LYNN JOSEPH,219000,Forward,23,83,18,78,25,94,35,95,50,FREE AGENT
GAYLE HORN,218400,Defense Midfield,34,36,32,73,57,97,4,38,23,FREE AGENT
WILL JOYCE,218000,Midfield,24,79,28,59,27,52,44,36,37,FREE AGENT
BRANDON LESTER,218000,Midfield,31,47,80,72,63,81,19,89,38,FREE AGENT
LORENZO BAUTISTA,218000,Goal Keeper,32,65,18,11,7,5,93,24,52,FREE AGENT
LEIF TORRES,218000,Forward,36,48,34,78,39,13,86,7,35,FREE AGENT
ROBERTO BENTLEY,217000,Forward,32,96,13,76,88,38,18,66,50,FREE AGENT
VINCENT HOUSE,217000,Forward,23,41,22,36,50,59,91,33,20,FREE AGENT
DAMION MACDONALD,217000,Defense,20,8,26,39,76,41,52,3,38,FREE AGENT
NATHANIAL STEPHENS,217000,Forward,23,90,22,46,60,84,21,74,37,FREE AGENT
EZEKIEL SUMMERS,217000,Midfield,35,76,42,86,27,68,47,73,49,FREE AGENT
KIP ARMSTRONG,216000,Forward,27,52,43,3,67,85,77,79,49,FREE AGENT
CORY VINCENT,216000,Midfield,34,50,37,87,91,3,96,60,14,FREE AGENT
DEANGELO DAVILA,216000,Forward,24,58,21,46,69,48,63,43,26,FREE AGENT
BRENDON STARK,215000,Forward,31,59,66,68,14,75,22,8,12,FREE AGENT
AUGUSTUS BENDER,215000,Midfield,35,48,32,59,77,47,34,21,44,FREE AGENT
MORRIS BLACKWELL,215000,Goal Keeper,34,55,27,5,33,0,71,20,58,FREE AGENT
ASA ANDERSON,215000,Defense,38,27,27,76,77,93,60,77,46,FREE AGENT
REGINALD GAY,215000,Defense,35,57,69,67,63,38,38,41,29,FREE AGENT
BURT CHANG,215000,Midfield,27,64,47,63,42,61,12,42,49,FREE AGENT
PORFIRIO SPEARS,214000,Midfield,37,85,35,78,82,48,30,69,36,FREE AGENT
EMMETT PARSONS,214000,Forward,29,65,40,15,40,71,31,11,50,FREE AGENT
DELBERT GALLAGHER,214000,Defense,25,36,94,93,73,8,15,33,3,FREE AGENT
REGINALD HOWE,214000,Midfield,30,30,85,87,82,62,32,90,16,FREE AGENT
AURELIO MORENO,214000,Defense,38,60,63,41,47,55,74,35,23,FREE AGENT
BARNEY DAVENPORT,214000,Defense,38,21,11,93,55,66,100,55,37,FREE AGENT
GREG COOLEY,214000,Midfield,33,42,73,46,93,0,18,5,46,FREE AGENT
BUFORD KAISER,213600,Midfield Forward,31,80,40,40,36,14,42,16,35,FREE AGENT
WM BANKS,213000,Forward,32,73,61,24,26,85,75,55,20,FREE AGENT
FREDRIC MILLS,213000,Defense,19,60,85,34,79,10,7,19,14,FREE AGENT
LUPE MCDANIEL,213000,Forward,31,90,40,82,37,59,42,73,29,FREE AGENT
EMORY DONOVAN,213000,Midfield,24,67,85,60,58,13,68,76,10,FREE AGENT
DEWEY BALL,213000,Midfield,29,96,46,50,27,45,30,6,12,FREE AGENT
REX HAYS,212000,Midfield,28,45,70,77,57,86,55,99,5,FREE AGENT
ADRIAN WILKINS,212000,Midfield,27,29,42,96,95,5,40,37,23,FREE AGENT
CLIFF FERGUSON,212000,Forward,19,64,36,48,42,43,50,28,14,FREE AGENT
VALENTINE CAMPBELL,212000,Forward,35,65,41,53,31,54,100,35,8,FREE AGENT
ELLIS DURHAM,212000,Defense,32,48,45,23,92,90,45,69,34,FREE AGENT
ANTONIO YOUNG,212000,Defense,23,79,60,52,59,29,1,26,27,FREE AGENT
JACINTO BERGER,212000,Forward,30,45,15,59,92,66,16,6,15,FREE AGENT
DINO VELEZ,212000,Forward,31,41,65,52,67,72,20,50,38,FREE AGENT
SANFORD NUNEZ,212000,Defense,28,4,88,40,79,35,58,56,48,FREE AGENT
TIMOTHY MUELLER,211000,Midfield,17,94,24,47,56,54,29,45,3,FREE AGENT
SHANE HUFFMAN,211000,Midfield,16,80,89,47,64,14,7,70,28,FREE AGENT
JONATHON GALVAN,211000,Midfield,33,64,72,92,47,75,8,79,31,FREE AGENT
GONZALO VARGAS,211000,Forward,33,48,38,41,12,75,94,12,14,FREE AGENT
BRANT POWELL,210000,Forward,36,68,46,7,95,96,45,52,13,FREE AGENT
PORTER HINES,210000,Midfield,23,49,60,65,88,13,79,95,20,FREE AGENT
ENRIQUE GARNER,210000,Midfield,19,54,39,67,82,31,60,91,25,FREE AGENT
WAYLON CAIN,210000,Forward,16,74,11,79,41,45,25,54,37,FREE AGENT
DOUG COOKE,210000,Defense,23,37,52,53,70,74,24,50,19,FREE AGENT
DORSEY CHAN,210000,Midfield,26,81,15,66,38,2,61,6,31,FREE AGENT
ALONSO TODD,209000,Forward,26,81,97,15,83,8,53,94,44,FREE AGENT
LEONEL HURLEY,209000,Goal Keeper,23,10,80,82,36,53,15,89,69,FREE AGENT
COREY HALE,209000,Goal Keeper,38,40,50,97,15,74,4,5,53,FREE AGENT
MARCELLUS WALLS,208000,Midfield,32,58,43,77,98,66,43,84,3,FREE AGENT
QUENTIN CAMPOS,208000,Midfield,26,73,55,89,70,3,12,40,24,FREE AGENT
EDUARDO HILL,207000,Midfield,25,48,51,77,91,12,19,26,10,FREE AGENT
KENETH ESTES,206000,Goal Keeper,26,26,68,56,72,22,44,12,51,FREE AGENT
MERVIN MERRITT,206000,Defense,28,16,95,39,45,52,55,36,24,FREE AGENT
JOSPEH ROSARIO,206000,Forward,30,98,64,56,67,43,39,76,5,FREE AGENT
ELMO HENRY,206000,Forward,24,55,31,4,58,64,90,52,28,FREE AGENT
ERNIE MASSEY,206000,Defense,17,40,99,25,61,52,35,67,12,FREE AGENT
ROBIN VANG,205000,Defense,16,56,28,49,75,41,14,60,50,FREE AGENT
JEFFERSON BRIGHT,205000,Defense,26,68,82,68,90,8,29,92,30,FREE AGENT
WILBUR GRIFFIN,204000,Defense Midfield,16,54,64,69,41,4,12,66,40,FREE AGENT
JACKIE CASE,204000,Midfield,24,68,14,54,38,71,8,24,47,FREE AGENT
KIP MONROE,204000,Forward,35,73,35,59,48,6,78,13,23,FREE AGENT
ARNOLD MCDONALD,204000,Defense,18,12,41,43,70,55,57,42,22,FREE AGENT
STACY HOUSTON,203000,Defense,28,50,39,14,96,71,59,91,49,FREE AGENT
WILLIAMS BEARD,203000,Midfield,19,28,47,46,27,91,42,28,7,FREE AGENT
NICKY HOWE,202799,Defense Midfield,38,40,37,54,79,58,88,90,17,FREE AGENT
ELIAS GATES,202799,Midfield Forward,38,79,10,48,86,49,39,73,45,FREE AGENT
TRAVIS ORTIZ,202000,Midfield,22,76,81,57,43,6,30,33,8,FREE AGENT
ELBERT LARA,201600,Midfield Forward,37,78,36,89,65,1,20,43,33,FREE AGENT
ISAAC CURTIS,201000,Midfield,37,87,24,50,35,27,77,33,45,FREE AGENT
MARQUIS POPE,201000,Forward,35,86,31,42,32,25,78,36,48,FREE AGENT
SHELBY HANNA,201000,Midfield,19,58,29,77,44,24,36,49,39,FREE AGENT
SCOT ESCOBAR,201000,Midfield,28,41,81,72,44,11,53,32,15,FREE AGENT
PORFIRIO WOODWARD,201000,Defense,23,53,68,44,65,24,2,6,20,FREE AGENT
OTIS RICHARDSON,200000,Forward,38,87,49,77,53,19,82,96,43,FREE AGENT
CLAUDE AYERS,200000,Defense,26,73,28,74,58,60,46,83,22,FREE AGENT
ELMER LONG,200000,Defense,36,52,47,37,91,39,89,74,27,FREE AGENT
JAMAL HO,200000,Defense,29,24,70,70,70,100,37,96,12,FREE AGENT
JIMMY HERRERA,200000,Goal Keeper,16,34,27,71,77,37,45,74,56,FREE AGENT
EVERETT POOLE,199000,Defense,26,60,34,45,74,37,59,69,37,FREE AGENT
DALLAS PETTY,199000,Midfield,29,56,51,50,51,77,57,77,21,FREE AGENT
NICOLAS ANDERSEN,199000,Defense,33,53,46,44,60,76,87,88,20,FREE AGENT
DORIAN MOLINA,199000,Midfield,35,53,48,47,70,23,75,57,45,FREE AGENT
TOM BARAJAS,199000,Forward,29,41,85,19,98,49,75,89,8,FREE AGENT
JAE OWEN,199000,Forward,36,89,10,60,42,20,93,25,18,FREE AGENT
TITUS RHODES,198000,Midfield,32,95,58,45,38,54,48,60,16,FREE AGENT
COY COMPTON,198000,Forward,19,78,16,50,95,86,1,74,3,FREE AGENT
CARLTON MCCLAIN,198000,Forward,23,50,68,64,24,26,70,70,35,FREE AGENT
VINCENZO ERICKSON,198000,Forward,33,59,73,35,79,46,46,41,0,FREE AGENT
FLOYD WEAVER,198000,Midfield,29,64,27,92,60,13,12,3,20,FREE AGENT
DUSTIN HARRISON,197000,Forward,22,82,42,75,18,1,54,58,49,FREE AGENT
JAMISON SIMMONS,197000,Midfield,34,89,61,73,50,74,17,76,11,FREE AGENT
FRANCESCO BLANKENSHIP,196799,Defense Midfield,30,83,40,49,46,6,95,97,32,FREE AGENT
EMORY KELLY,196799,Midfield Forward,21,52,89,70,28,18,6,73,37,FREE AGENT
JED GONZALEZ,196799,Defense Midfield,37,40,13,98,100,17,49,73,31,FREE AGENT
CONNIE DURHAM,196000,Goal Keeper,22,63,18,98,26,6,4,30,65,FREE AGENT
YOUNG HOOD,196000,Goal Keeper,26,53,42,30,94,0,8,76,79,FREE AGENT
LAWRENCE FOWLER,196000,Goal Keeper,16,51,13,93,77,6,27,73,67,FREE AGENT
GABRIEL BAILEY,195600,Midfield Forward,37,73,28,69,32,0,94,50,28,FREE AGENT
LAVERNE MCCANN,195000,Midfield,24,30,81,49,51,19,63,48,22,FREE AGENT
SAMUAL AUSTIN,195000,Forward,30,90,13,62,59,64,56,87,28,FREE AGENT
RODOLFO JOHNS,195000,Midfield,19,25,29,76,27,31,53,32,43,FREE AGENT
AUGUSTINE BATES,195000,Midfield,35,27,11,62,86,83,81,81,31,FREE AGENT
DEANGELO ANDREWS,194400,Defense Midfield,33,35,10,90,99,49,2,69,45,FREE AGENT
LAURENCE BRIGGS,194000,Defense,31,63,59,45,68,77,11,61,25,FREE AGENT
KIRBY HODGE,194000,Defense,27,57,60,26,61,42,25,43,47,FREE AGENT
DARWIN GALVAN,194000,Midfield,25,47,89,79,97,4,3,56,6,FREE AGENT
CARTER ROY,194000,Forward,29,90,71,54,2,71,21,78,50,FREE AGENT
MARLON HOUSE,194000,Midfield,35,49,37,49,29,89,45,43,44,FREE AGENT
DEMARCUS HESTER,194000,Midfield,33,78,78,46,31,40,61,52,11,FREE AGENT
MITCH GUZMAN,193200,Defense Midfield,35,28,29,71,99,55,53,75,6,FREE AGENT
SIMON LEVY,193000,Defense,30,67,71,72,51,17,57,55,3,FREE AGENT
MARCELLUS HOWELL,192000,Defense,37,18,43,82,87,70,6,39,36,FREE AGENT
CHI LAWSON,192000,Defense,34,69,12,43,60,44,66,1,1,FREE AGENT
RYAN HUTCHINSON,192000,Midfield,31,54,34,91,64,30,44,38,6,FREE AGENT
EMORY GALLAGHER,192000,Goal Keeper,19,27,100,70,42,85,8,83,55,FREE AGENT
ELTON MURILLO,192000,Midfield,32,67,57,52,63,19,46,43,27,FREE AGENT
EMILIO SAWYER,192000,Defense,37,54,26,94,44,41,52,51,43,FREE AGENT
ALPHONSO KELLEY,192000,Defense,24,53,52,64,74,0,57,64,28,FREE AGENT
WILLIE SHAW,192000,Goal Keeper,21,76,67,64,20,22,45,33,50,FREE AGENT
WENDELL HUNT,191000,Forward,31,48,66,60,57,60,78,86,1,FREE AGENT
COLLIN BARRETT,191000,Defense,34,59,69,28,97,42,45,56,9,FREE AGENT
JONAH BRADLEY,191000,Defense,35,1,46,97,78,51,26,48,45,FREE AGENT
MOHAMMED ZIMMERMAN,191000,Defense,36,32,30,76,58,30,76,32,29,FREE AGENT
LEMUEL WERNER,189000,Forward,34,42,53,13,67,49,54,36,49,FREE AGENT
ANTONIA HARRISON,189000,Midfield,28,78,48,43,34,85,23,67,29,FREE AGENT
VITO CRUZ,188000,Forward,34,77,33,74,87,1,44,72,46,FREE AGENT
GUY UNDERWOOD,187000,Forward,36,47,53,76,54,81,43,91,32,FREE AGENT
ENOCH UNDERWOOD,187000,Forward,28,68,43,11,19,43,76,33,44,FREE AGENT
CLAUDE CARROLL,187000,Defense,29,23,82,38,79,44,73,82,17,FREE AGENT
NOEL JACOBS,187000,Goal Keeper,32,46,13,47,52,24,62,79,61,FREE AGENT
MILAN TERRELL,186000,Forward,33,83,27,10,89,5,63,13,21,FREE AGENT
KIP HUGHES,186000,Defense Midfield,38,54,27,42,58,31,86,71,42,FREE AGENT
DONN BUSH,186000,Defense,36,7,67,79,89,1,80,71,42,FREE AGENT
VITO ANDREWS,184000,Forward,18,84,14,33,3,29,94,45,26,FREE AGENT
GAIL WALTERS,184000,Defense,26,34,95,54,58,52,10,68,27,FREE AGENT
OMER CAREY,184000,Forward,36,79,32,13,56,82,21,21,30,FREE AGENT
JARRED MERRITT,184000,Defense,26,6,74,75,43,59,1,3,7,FREE AGENT
MILLARD CLINE,184000,Forward,37,58,30,50,70,97,30,56,16,FREE AGENT
GRAIG SIMMONS,184000,Forward,16,100,14,62,33,5,13,7,12,FREE AGENT
CHAS BASS,184000,Midfield,28,36,67,72,25,91,47,96,26,FREE AGENT
MARCOS BARRON,183600,Midfield Forward,16,40,62,49,93,3,37,97,14,FREE AGENT
GERARD MOORE,183000,Forward,32,87,54,44,64,22,19,34,23,FREE AGENT
TREY BREWER,183000,Forward,22,47,25,41,76,44,85,77,8,FREE AGENT
RICO FRENCH,183000,Forward,30,62,24,32,95,25,81,77,31,FREE AGENT
BRANT BRYAN,182400,Defense Midfield,32,26,34,52,82,70,52,79,11,FREE AGENT
KEENAN DICKSON,182000,Forward,18,91,20,39,100,24,48,89,3,FREE AGENT
FRANCESCO CALHOUN,182000,Forward,25,67,26,93,3,56,52,41,1,FREE AGENT
ADAM HATFIELD,182000,Midfield,36,65,62,77,31,46,54,55,10,FREE AGENT
ARNOLD BLACKBURN,181200,Defense Midfield,36,58,65,48,61,57,61,91,0,FREE AGENT
PHIL SANFORD,181000,Defense,35,38,25,83,87,74,41,87,25,FREE AGENT
JAMIE CALHOUN,181000,Midfield,38,100,50,43,50,27,71,62,16,FREE AGENT
HUGO COOLEY,181000,Defense,23,26,23,41,71,40,39,0,10,FREE AGENT
STEFAN RANDOLPH,181000,Midfield,20,47,76,40,44,76,7,63,14,FREE AGENT
LEN ABBOTT,180000,Midfield,29,59,25,90,30,9,49,23,28,FREE AGENT
ELTON GARDNER,180000,Defense,18,80,32,52,65,36,8,48,9,FREE AGENT
CHAS REYNOLDS,180000,Goal Keeper,30,41,84,23,39,13,55,76,62,FREE AGENT
GORDON TAYLOR,180000,Midfield Forward,35,89,28,40,44,87,17,95,45,FREE AGENT
ENRIQUE QUINN,179000,Defense,32,27,18,75,69,7,89,33,23,FREE AGENT
ALAN BREWER,178799,Defense Midfield,17,75,27,63,48,30,7,69,19,FREE AGENT
CHRISTOPER GREGORY,178000,Midfield,37,91,67,73,49,34,52,93,16,FREE AGENT
HORACIO MONROE,178000,Forward,18,55,22,24,78,51,45,73,30,FREE AGENT
REGGIE FRANKLIN,178000,Forward,30,64,29,61,85,100,3,91,17,FREE AGENT
CHONG GARZA,178000,Defense,30,5,40,63,65,56,49,44,34,FREE AGENT
PRESTON VILLANUEVA,177000,Midfield,28,51,37,82,40,16,21,14,28,FREE AGENT
BRET KEMP,177000,Defense,16,74,45,16,79,75,8,77,5,FREE AGENT
JAMEL SOLIS,177000,Defense,30,8,60,85,70,10,17,20,37,FREE AGENT
TOBY ACOSTA,176000,Forward,26,67,96,12,31,91,41,90,6,FREE AGENT
BRANDEN HAYDEN,176000,Defense,37,75,13,98,80,79,7,93,28,FREE AGENT
DARRICK RANDOLPH,176000,Forward,37,89,44,11,45,95,45,87,45,FREE AGENT
HERBERT BUCK,176000,Midfield,25,32,93,42,71,42,27,81,25,FREE AGENT
PARKER CLEMENTS,176000,Defense,22,40,12,43,95,43,63,62,8,FREE AGENT
EARL NORTON,175200,Midfield Forward,25,41,85,71,30,56,36,98,0,FREE AGENT
JEFF HAYNES,175000,Midfield,36,71,40,63,26,80,25,32,10,FREE AGENT
CAMERON SIMS,175000,Defense,22,36,66,32,49,58,17,20,3,FREE AGENT
BURL DUFFY,175000,Defense,31,29,40,47,92,98,26,92,28,FREE AGENT
FREDERIC VAUGHAN,175000,Forward,26,45,85,5,1,79,52,19,5,FREE AGENT
JUNIOR WELCH,175000,Defense,25,17,26,92,43,58,68,94,40,FREE AGENT
BRYON HICKMAN,175000,Forward,30,94,76,87,5,41,21,90,31,FREE AGENT
RENATO SALAZAR,175000,Forward,18,88,11,47,53,14,12,34,38,FREE AGENT
ZANE BOYD,174000,Midfield Forward,30,90,49,66,47,44,30,98,7,FREE AGENT
THANH YOUNG,174000,Defense,24,7,48,92,66,22,52,75,34,FREE AGENT
EDUARDO WILKERSON,174000,Goal Keeper,36,8,59,95,99,28,85,99,58,FREE AGENT
LUKE SHERMAN,173000,Forward,26,59,41,86,4,25,2,5,39,FREE AGENT
BRYAN HOOD,172000,Midfield,16,68,78,62,41,29,8,93,27,FREE AGENT
KRIS SMITH,172000,Midfield,21,34,38,49,100,42,20,78,30,FREE AGENT
JAKE ROLLINS,172000,Forward,37,48,47,36,74,25,39,21,35,FREE AGENT
BERNIE MERRITT,172000,Defense,29,25,46,27,53,92,88,84,12,FREE AGENT
FREEMAN FRENCH,171000,Midfield,23,27,48,41,75,20,80,98,47,FREE AGENT
MERRILL LOVE,171000,Forward,36,44,27,78,84,14,50,24,6,FREE AGENT
JESSIE CALDERON,171000,Defense,27,36,32,12,100,42,32,5,3,FREE AGENT
RANDY BRIDGES,171000,Defense,25,8,43,40,67,95,66,98,25,FREE AGENT
MATTHEW THOMAS,170000,Defense,33,32,56,22,100,21,17,12,33,FREE AGENT
HARRISON BENSON,169000,Goal Keeper,34,42,61,11,93,35,35,41,52,FREE AGENT
ELOY KRAUSE,168000,Defense,23,55,55,11,60,51,83,96,18,FREE AGENT
DEVIN KIM,168000,Forward,33,89,64,89,64,0,8,53,6,FREE AGENT
WHITNEY HALEY,167000,Forward,23,55,45,78,8,98,34,83,1,FREE AGENT
JEROLD POOLE,166000,Forward,21,61,48,48,76,25,33,64,2,FREE AGENT
SHAYNE ROMERO,166000,Midfield,34,30,40,58,86,56,73,82,7,FREE AGENT
ARLEN HENDERSON,166000,Defense,33,24,22,82,58,85,12,53,35,FREE AGENT
CALVIN FRENCH,165600,Midfield Forward,37,68,68,42,29,13,28,14,15,FREE AGENT
LAURENCE HEBERT,165000,Defense,25,22,74,73,79,27,11,87,41,FREE AGENT
CHRISTIAN ODONNELL,165000,Defense,31,61,81,32,82,60,10,78,10,FREE AGENT
TAD MALONE,165000,Forward,16,73,62,31,0,93,29,85,10,FREE AGENT
RUFUS RUSH,165000,Midfield,29,64,48,60,86,41,9,62,6,FREE AGENT
EDGARDO SPEARS,164400,Midfield Forward,38,57,32,59,59,18,16,8,18,FREE AGENT
OSVALDO SALAS,164400,Defense Midfield,34,67,33,48,67,50,12,72,34,FREE AGENT
JERAMY JORDAN,164000,Forward,38,95,20,100,37,81,9,98,34,FREE AGENT
ANGELO PRICE,164000,Midfield,35,53,26,100,47,57,3,20,3,FREE AGENT
BRENDAN NOLAN,163200,Midfield Forward,38,95,66,41,69,13,15,61,12,FREE AGENT
FILIBERTO WILCOX,163000,Midfield,22,92,19,69,76,23,14,75,11,FREE AGENT
PATRICIA DODSON,163000,Midfield,31,40,40,56,31,39,73,24,1,FREE AGENT
ABE COHEN,163000,Defense,21,65,26,54,81,0,75,89,14,FREE AGENT
WILBER BALLARD,162000,Defense Midfield,32,60,39,75,61,2,18,48,24,FREE AGENT
GREGG BARAJAS,161000,Defense,16,52,27,12,86,12,97,96,19,FREE AGENT
BENTON MCLAUGHLIN,161000,Forward,20,99,28,49,40,25,35,89,34,FREE AGENT
WALKER SOLIS,161000,Forward,38,73,47,59,74,4,47,63,34,FREE AGENT
COLUMBUS SANDOVAL,161000,Forward,21,67,16,17,52,1,74,24,21,FREE AGENT
WELDON BARTON,160000,Forward,31,81,41,38,43,9,42,5,4,FREE AGENT
JUNIOR CARPENTER,160000,Defense,25,22,23,27,89,26,50,12,10,FREE AGENT
FREEMAN CHAVEZ,160000,Forward,23,48,70,45,39,54,12,88,49,FREE AGENT
ULYSSES CHEN,160000,Forward,36,97,57,8,26,64,97,85,4,FREE AGENT
MARCELO MCMILLAN,159600,Midfield Forward,34,41,25,98,32,54,11,65,39,FREE AGENT
CECIL BALL,159600,Defense Midfield,33,39,37,73,94,1,85,98,1,FREE AGENT
FREDERICK KENNEDY,159000,Defense,35,34,19,74,69,52,92,90,14,FREE AGENT
FERDINAND BOLTON,159000,Forward,30,98,27,94,2,70,47,90,1,FREE AGENT
LINDSEY VAZQUEZ,159000,Forward,20,74,42,87,25,48,7,76,12,FREE AGENT
THADDEUS MARSH,159000,Defense,23,39,22,95,52,59,24,76,13,FREE AGENT
KIRBY MONROE,159000,Defense,34,46,51,20,45,37,18,4,48,FREE AGENT
NED JACOBS,159000,Forward,24,58,21,48,6,88,2,38,46,FREE AGENT
REGGIE MACDONALD,159000,Forward,36,94,57,51,44,56,4,89,50,FREE AGENT
MICKEY WADE,158000,Forward,37,51,27,36,31,2,87,11,46,FREE AGENT
FREDDIE KLEIN,158000,Defense,31,67,12,82,48,37,34,39,10,FREE AGENT
MIKE ROBERTSON,158000,Forward,22,74,94,22,8,51,25,58,8,FREE AGENT
GARLAND WAGNER,157200,Midfield Forward,27,75,22,47,40,70,24,71,5,FREE AGENT
BILL GRAHAM,157200,Midfield Forward,25,49,18,64,44,29,48,64,18,FREE AGENT
WALDO BOYD,156000,Defense,33,5,84,93,56,31,43,91,34,FREE AGENT
REYES PONCE,156000,Midfield,20,68,53,46,25,46,4,45,19,FREE AGENT
MITCH HALE,156000,Defense Midfield,30,77,30,64,73,1,10,82,47,FREE AGENT
LLOYD ADAMS,156000,Forward,26,49,75,26,55,38,35,73,29,FREE AGENT
ANDY MIRANDA,156000,Defense,20,22,56,18,61,65,25,54,23,FREE AGENT
ALPHONSO COPELAND,156000,Defense,37,36,27,28,67,86,63,69,29,FREE AGENT
ERIC CASTANEDA,155000,Defense,23,0,58,0,66,75,97,78,6,FREE AGENT
TOMAS TRUJILLO,155000,Midfield,20,68,72,51,60,16,36,88,0,FREE AGENT
EUSEBIO BRENNAN,155000,Midfield,37,78,33,47,56,19,64,52,21,FREE AGENT
NORBERT BARBER,155000,Midfield,32,32,63,88,38,10,6,29,43,FREE AGENT
COLEMAN BROWNING,154000,Defense,23,37,37,21,60,45,31,16,8,FREE AGENT
WALTER VAZQUEZ,153600,Midfield Forward,33,67,21,71,26,74,8,61,21,FREE AGENT
ABRAHAM GROSS,153000,Forward,26,55,43,34,11,94,50,91,35,FREE AGENT
SUNG SALINAS,153000,Forward,30,44,50,75,68,0,18,24,12,FREE AGENT
CLEMENT DIXON,152000,Forward,38,67,30,65,61,29,61,76,29,FREE AGENT
JIMMY SALAZAR,152000,Midfield,18,63,99,81,30,7,25,99,0,FREE AGENT
HYMAN KLINE,152000,Defense,20,3,67,31,66,38,17,35,25,FREE AGENT
STEWART ORR,152000,Forward,26,56,34,72,28,63,11,42,8,FREE AGENT
LEE RAY,152000,Defense,35,43,41,8,42,76,34,3,16,FREE AGENT
GEORGE GIBSON,152000,Forward,35,40,52,22,78,94,7,54,18,FREE AGENT
BRENDAN HERMAN,151200,Midfield Forward,24,94,19,44,39,8,76,85,3,FREE AGENT
DELBERT KEITH,150000,Defense,19,27,62,13,54,95,22,68,2,FREE AGENT
EMORY KIRBY,149000,Forward,27,75,89,60,18,0,27,77,38,FREE AGENT
SANDY BENSON,149000,Midfield,36,35,13,52,74,17,62,32,36,FREE AGENT
DOUGLAS RIOS,149000,Forward,36,71,16,18,74,39,42,28,25,FREE AGENT
GASTON MCCANN,149000,Forward,18,53,82,31,20,24,53,61,1,FREE AGENT
MATHEW STEPHENS,147600,Midfield Forward,17,44,16,43,41,36,19,68,43,FREE AGENT
DONOVAN BECKER,147000,Defense,30,2,17,86,60,12,84,54,30,FREE AGENT
MIKE ESPINOZA,147000,Defense,38,29,18,53,75,34,36,11,27,FREE AGENT
FRANKLYN HOWE,146000,Forward,19,60,68,61,1,15,30,73,41,FREE AGENT
AUGUST CURRY,146000,Midfield,32,63,29,71,25,35,59,44,4,FREE AGENT
RONNIE HOPKINS,145200,Defense Midfield,34,72,36,49,47,15,4,30,30,FREE AGENT
DAMIEN ZAVALA,145000,Midfield,34,36,46,68,25,43,59,50,20,FREE AGENT
MARVIN DENNIS,145000,Forward,33,62,35,14,34,57,62,43,23,FREE AGENT
DENNY KEY,145000,Midfield,34,74,31,56,95,36,2,77,30,FREE AGENT
HORACIO REESE,145000,Forward,37,51,36,25,61,36,52,19,14,FREE AGENT
BILLIE SANTOS,144000,Defense,35,5,21,59,52,31,93,56,44,FREE AGENT
MICHEAL BRIGHT,144000,Midfield Forward,34,54,11,70,69,63,4,76,27,FREE AGENT
NICKOLAS MCDANIEL,143000,Defense,24,36,49,34,49,62,5,65,45,FREE AGENT
LEVI CARRILLO,143000,Midfield,27,62,30,67,42,2,96,92,17,FREE AGENT
HOUSTON GREGORY,142000,Midfield,28,62,96,95,43,0,20,100,10,FREE AGENT
EUGENE PENA,141000,Midfield,31,92,14,71,32,34,21,61,31,FREE AGENT
IGNACIO DICKSON,141000,Defense,30,39,25,21,59,64,44,60,39,FREE AGENT
OLIN ONEILL,141000,Defense,24,28,24,31,91,52,34,76,29,FREE AGENT
FOREST ZHANG,140400,Midfield Forward,33,47,50,100,34,7,31,68,15,FREE AGENT
SOLOMON JOHNSTON,140400,Defense Midfield,27,30,17,61,87,33,50,80,0,FREE AGENT
FERNANDO DEAN,140000,Forward,20,88,28,98,13,32,21,99,19,FREE AGENT
GAYLORD DOUGLAS,140000,Midfield,23,93,52,80,44,1,31,97,5,FREE AGENT
SHELDON COLON,140000,Midfield,29,70,24,41,64,17,76,67,2,FREE AGENT
SHAWN HODGE,138000,Defense,29,13,29,44,41,94,60,99,43,FREE AGENT
ERNESTO MCCARTHY,138000,Defense,30,73,28,49,73,23,32,79,29,FREE AGENT
SHANE GALVAN,138000,Goal Keeper,26,54,61,77,20,13,49,72,50,FREE AGENT
JACINTO KELLEY,137000,Forward,32,76,29,78,13,22,38,66,43,FREE AGENT
GILBERTO CARROLL,137000,Goal Keeper,23,73,97,96,23,14,52,95,53,FREE AGENT
MARSHALL GUZMAN,136000,Defense,19,2,33,23,62,36,54,54,37,FREE AGENT
GUS SANDERS,136000,Midfield,33,35,46,60,72,20,51,61,12,FREE AGENT
RORY MULLEN,136000,Forward,34,78,39,59,18,44,1,24,23,FREE AGENT
FREDDIE SHELTON,136000,Defense,22,9,18,4,66,58,49,37,35,FREE AGENT
ARLIE SANCHEZ,135000,Defense,27,31,89,93,49,8,29,100,17,FREE AGENT
FRITZ CLINE,135000,Midfield,37,38,38,47,59,17,87,61,21,FREE AGENT
PRESTON TERRY,134000,Midfield,26,38,12,96,41,62,37,93,19,FREE AGENT
GEORGE DRAKE,133000,Defense,36,53,35,9,45,39,99,63,24,FREE AGENT
HAI DAVIS,133000,Forward,24,100,38,4,71,21,13,78,36,FREE AGENT
CEDRICK LOWE,132000,Midfield,31,43,68,47,37,44,36,99,49,FREE AGENT
LAURENCE BUCKLEY,132000,Forward,34,92,26,93,17,24,14,45,13,FREE AGENT
OSCAR EATON,131000,Midfield,19,63,33,55,30,46,7,93,47,FREE AGENT
WERNER DURHAM,131000,Midfield,29,43,22,97,58,31,28,66,5,FREE AGENT
TOMMIE PAGE,131000,Forward,16,52,35,1,31,42,22,27,23,FREE AGENT
PHILLIP NAVARRO,129000,Defense,32,5,72,35,69,17,7,17,37,FREE AGENT
RICKEY MAXWELL,129000,Midfield,18,35,33,44,91,10,43,81,8,FREE AGENT
ARMANDO WOOD,128000,Forward,35,79,50,53,9,40,46,64,20,FREE AGENT
MALCOM PORTER,128000,Defense,24,19,91,47,52,42,16,78,11,FREE AGENT
JAIME MURRAY,128000,Defense,29,33,59,8,62,73,60,98,18,FREE AGENT
STANLEY FARLEY,128000,Midfield,26,97,56,83,42,0,10,86,4,FREE AGENT
STANLEY KNOX,127000,Forward,31,94,47,17,42,49,21,56,6,FREE AGENT
PALMER FITZPATRICK,127000,Defense,37,79,22,70,47,32,26,73,35,FREE AGENT
CECIL REILLY,127000,Forward,35,65,42,83,70,4,43,91,16,FREE AGENT
DELBERT HEBERT,127000,Forward,22,41,27,49,53,10,18,46,41,FREE AGENT
BRENDAN MIRANDA,126000,Midfield,30,53,64,46,30,43,54,88,14,FREE AGENT
NED MENDEZ,126000,Midfield,32,32,80,51,34,20,60,82,27,FREE AGENT
DARIUS DUFFY,125000,Forward,35,73,19,45,64,18,31,54,34,FREE AGENT
JARROD LAMB,125000,Forward,38,53,44,25,29,95,51,95,37,FREE AGENT
SAMUEL BALDWIN,123000,Defense,35,16,16,64,66,41,10,12,27,FREE AGENT
DENVER LYNCH,123000,Defense,20,51,47,0,44,83,17,74,15,FREE AGENT
HYMAN SCHAEFER,123000,Defense,16,18,33,15,76,29,49,57,8,FREE AGENT
MITCHELL GALVAN,123000,Forward,18,55,27,38,36,58,0,41,4,FREE AGENT
WILFRED HOBBS,122000,Forward,31,80,16,59,21,2,33,13,17,FREE AGENT
GILBERTO ADKINS,122000,Forward,18,61,61,82,51,6,8,97,4,FREE AGENT
KENNY COFFEY,121000,Goal Keeper,32,46,58,98,52,28,32,95,55,FREE AGENT
CARY RAY,120000,Forward,31,97,15,1,76,28,61,67,2,FREE AGENT
GLENN BARRERA,120000,Defense,28,16,18,77,78,48,46,83,4,FREE AGENT
FRANKIE SIMS,120000,Midfield Forward,19,45,16,78,37,14,20,92,39,FREE AGENT
BRENDAN COWAN,120000,Forward,25,44,68,39,42,44,27,77,8,FREE AGENT
ASA SMALL,118000,Midfield,29,81,19,50,41,44,20,53,3,FREE AGENT
CLEO DRAKE,117000,Defense,27,0,20,72,67,2,88,91,40,FREE AGENT
BEN MCLAUGHLIN,117000,Midfield,33,91,36,44,73,17,21,94,28,FREE AGENT
VINCE WADE,114000,Midfield,33,94,28,67,40,35,10,75,14,FREE AGENT
BLAKE POOLE,114000,Midfield Forward,21,76,25,42,75,10,6,95,19,FREE AGENT
CHAS SAVAGE,114000,Forward,23,67,18,11,5,52,25,37,42,FREE AGENT
OMAR IBARRA,114000,Defense,21,22,31,77,72,14,50,98,9,FREE AGENT
JOHNATHON COLEMAN,113000,Defense,28,8,66,30,57,8,82,60,6,FREE AGENT
DENVER EVANS,112800,Midfield Forward,36,59,30,69,46,38,15,67,12,FREE AGENT
TRINIDAD HENSON,112000,Defense,38,26,44,10,79,13,18,10,46,FREE AGENT
JEWELL SHEPPARD,111000,Defense,33,11,69,8,71,5,58,62,50,FREE AGENT
SAMUAL WISE,111000,Defense,34,15,26,76,68,4,29,30,25,FREE AGENT
GARRET OCONNELL,110000,Forward,29,88,55,21,61,21,23,93,21,FREE AGENT
ARNOLDO SMALL,109000,Forward,31,76,69,15,64,19,7,63,15,FREE AGENT
ABDUL MORTON,109000,Midfield,22,36,61,43,56,60,10,99,8,FREE AGENT
GALE KNOX,109000,Forward,22,43,78,10,41,48,7,69,17,FREE AGENT
TREVOR BROWNING,105000,Midfield,36,31,15,71,34,81,33,74,22,FREE AGENT
COLUMBUS RODRIGUEZ,105000,Defense,23,45,21,56,41,30,4,28,5,FREE AGENT
DEVON POPE,105000,Defense,30,52,21,58,41,53,31,97,36,FREE AGENT
ABEL HARDING,103000,Defense,19,49,86,6,66,27,8,97,15,FREE AGENT
GUADALUPE RIVAS,103000,Forward,31,48,30,9,9,42,33,11,36,FREE AGENT
LEWIS MORRISON,99000,Forward,38,59,24,15,23,56,75,40,1,FREE AGENT
TY HORTON,99000,Defense,25,80,25,39,60,13,5,66,18,FREE AGENT
JEFFREY WEISS,97000,Forward,26,64,34,19,2,72,39,55,0,FREE AGENT
HECTOR CLAYTON,91000,Defense,33,27,19,7,83,34,75,98,43,FREE AGENT
BILLIE ELLIS,90000,Forward,38,40,51,12,46,22,71,60,22,FREE AGENT
CARLOS ZIMMERMAN,90000,Defense,32,6,37,4,45,51,75,37,5,FREE AGENT
ISAAC AYALA,89000,Midfield,38,38,62,44,29,12,87,86,17,FREE AGENT
ERICH PACE,85000,Midfield,34,31,15,52,62,22,17,62,50,FREE AGENT
FABIAN MCBRIDE,84000,Defense,24,60,14,0,43,46,55,82,20,FREE AGENT
HANS PIERCE,80399,Midfield Forward,38,45,14,92,39,10,44,96,33,FREE AGENT
IVORY HARDIN,80000,Defense,24,8,41,15,78,27,47,67,3,FREE AGENT
GIL SAUNDERS,80000,Midfield,37,61,13,82,39,51,25,98,18,FREE AGENT
FRANKLIN LOZANO,80000,Defense,34,26,38,33,53,19,40,29,2,FREE AGENT
PHILLIP MORROW,79000,Forward,35,51,59,7,18,39,35,52,27,FREE AGENT
MICHEAL CHEN,79000,Midfield,26,48,46,78,36,22,12,94,9,FREE AGENT
JODY GARNER,78000,Forward,32,43,36,2,62,60,52,93,12,FREE AGENT
HONG LUCAS,70000,Forward,37,56,54,30,16,88,4,99,32,FREE AGENT
ROBBY MULLINS,60000,Forward,29,75,40,9,9,36,12,54,20,FREE AGENT
LEON CAIN,58000,Forward,29,95,24,23,5,27,10,87,48,FREE AGENT
CARMEN CARPENTER,57000,Midfield,35,36,18,64,34,81,13,99,15,FREE AGENT
CRUZ RICHARDS,52800,Midfield Forward,35,68,47,45,27,17,24,82,3,FREE AGENT
GRAIG BANKS,52000,Defense,29,31,19,45,74,5,36,97,26,FREE AGENT
GLEN WALTERS,48000,Forward,35,46,24,34,58,4,26,86,47,FREE AGENT
BURTON BECK,46000,Defense,22,21,17,42,46,4,39,76,19,FREE AGENT
SANDY MULLEN,44000,Defense,21,7,70,14,61,0,0,69,24,FREE AGENT
HANS LEE,43000,Defense,36,52,16,7,41,29,57,63,12,FREE AGENT
GERRY FOX,42000,Midfield,38,42,69,78,31,14,8,90,4,FREE AGENT
WILLIAN FROST,38000,Defense,38,46,44,17,44,24,8,57,26,FREE AGENT
MALCOM REESE,25000,Defense,36,2,67,47,51,31,13,86,8,FREE AGENT
RICO SHAW,4000,Defense,38,26,17,6,59,10,40,61,7,FREE AGENT