Name,Value,Positions,Age,Shooting,Speed,Passing,Tackling,Leadership,Set Pieces,Dirtyness,Goal Keeping
KEITH AGUILAR,286000,Defense ,24,67,79,48,64,61,45,52,46
NOE HAMMOND,310000,Defense ,17,0,71,76,77,92,86,47,6
DELMAR OWENS,164000,Defense ,18,9,58,16,89,18,19,14,23
VITO HOWELL,223000,Defense ,36,79,41,34,93,37,95,65,17
FREEMAN HODGE,58000,Defense ,37,0,41,63,84,37,27,89,6
DEVON COLLINS,203000,Defense ,18,27,46,32,72,19,47,32,46
HORACE STEVENSON,223000,Defense ,16,12,59,83,89,34,62,83,15
HARVEY GENTRY,168000,Defense ,35,8,4,10,84,96,99,73,45
CORY CASTILLO,110000,Defense ,24,52,54,0,69,20,58,88,17
ART CROSBY,243000,Defense ,34,32,24,58,86,65,65,3,18
MARCEL RANDALL,170000,Defense ,30,0,50,100,85,78,7,62,2
DEMETRIUS PECK,351000,Defense ,21,21,91,80,69,96,74,38,21
TOM HUFFMAN,140000,Defense ,37,27,38,0,76,52,90,52,20
EDISON BARRERA,133000,Defense ,16,15,79,0,72,29,56,89,19
TOMAS SPENCER,205000,Defense ,26,55,54,48,87,50,26,37,0
EDMOND OSBORNE,308000,Defense ,34,61,24,100,93,77,72,39,22
DENIS DURHAM,312000,Defense ,16,4,86,100,81,84,29,67,43
HUGO HAYES,224000,Defense ,29,4,47,4,87,92,79,9,7
BENNETT CORTEZ,172000,Defense ,33,52,58,63,80,8,21,57,46
PATRICK MANNING,131000,Defense ,32,0,30,0,84,99,6,13,21
ISAAC CALDWELL,234000,Defense ,22,7,52,44,69,61,50,10,27
CLARK LAWRENCE,235000,Defense ,16,0,70,55,86,56,82,79,13
MOSHE WALTER,178000,Defense ,28,25,58,6,72,56,13,9,41
KIM MARTINEZ,268000,Defense ,28,27,63,100,84,79,1,48,46
GUY REEVES,262000,Defense ,20,0,80,100,67,10,42,17,40
NORRIS HOUSE,156000,Defense ,33,4,49,100,72,12,16,14,16
ISIAH VALENCIA,208000,Defense ,21,44,39,38,86,24,78,72,34
CLAUD GIBBS,300000,Defense ,16,54,94,76,77,31,9,1,8
JULES FLOYD,173000,Defense ,27,29,79,51,65,57,17,86,42
PORFIRIO HARRINGTON,298000,Defense ,33,82,47,90,82,87,38,72,43
MARVIN INGRAM,266000,Defense ,22,0,61,95,88,30,87,36,7
IRA BENTLEY,94000,Defense ,34,0,40,0,91,79,22,58,22
CLEMENTE BARBER,296000,Defense ,18,58,76,86,73,56,44,74,31
LEONARDO ROCHA,254000,Defense ,33,41,42,66,79,56,81,55,43
CEDRIC BERNARD,308000,Defense ,18,7,64,97,81,34,31,2,50
JESSIE ODOM,217000,Defense ,29,54,63,0,75,17,90,20,25
BENTON HO,292000,Defense ,24,58,78,80,80,91,23,94,48
JAMAL SANTOS,299000,Defense ,20,0,79,36,98,67,57,0,22
JOHN PECK,324000,Defense ,20,47,66,55,87,72,43,34,48
NELSON BAIRD,279000,Defense ,31,64,56,10,95,81,55,2,13
JARED TYLER,262000,Defense ,16,23,53,51,86,4,78,26,41
LORENZO BOLTON,312000,Defense ,19,0,94,37,55,96,66,11,32
THURMAN HAYES,223000,Defense ,38,100,44,0,89,58,60,45,31
BOB NELSON,188000,Defense ,34,58,47,1,73,8,70,16,49
WAYLON LEON,195000,Defense ,18,60,65,0,78,1,6,0,39
DOUGLAS SALINAS,215000,Defense ,19,20,73,31,87,1,59,20,21
WARNER RIVERS,170000,Defense ,20,54,26,0,81,1,49,14,33
TOD CAMACHO,213000,Defense ,34,0,31,63,98,25,79,13,32
WALLACE PARSONS,302000,Defense ,19,44,61,56,84,68,30,13,29
JAY MEYERS,197000,Defense ,17,33,82,73,80,9,0,66,37
TOMMIE MARTIN,192000,Defense ,17,51,64,0,52,71,55,59,9
DANTE GALLEGOS,130000,Defense ,37,0,24,48,63,91,48,76,43
ROCCO CONRAD,231000,Defense ,27,13,51,93,95,91,31,72,10
RYAN FRANKLIN,249000,Defense ,29,17,54,65,75,76,90,49,8
LEN ROSARIO,177000,Defense ,35,36,14,100,75,18,85,60,14
GINO ROGERS,297000,Defense ,17,0,96,58,78,94,84,94,32
AMADO CASEY,302000,Defense ,28,5,100,92,89,64,2,16,50
STANLEY CHASE,271000,Defense ,16,65,74,65,68,3,30,28,42
LEANDRO COOLEY,277000,Defense ,23,59,91,100,69,20,35,29,1
ALI BEAN,235000,Defense ,19,57,68,75,89,59,19,87,12
ERASMO HORN,169000,Defense ,18,0,60,64,77,42,50,81,11
GILBERTO STARK,189000,Defense ,35,51,17,61,75,94,15,68,49
MORTON SHORT,156000,Defense ,19,11,71,51,93,9,37,73,14
ANDRE ANTHONY,68000,Defense ,37,13,17,26,83,47,4,53,42
BRENTON JEFFERSON,110000,Defense ,30,26,56,50,68,26,46,91,19
HUBERT WEBB,291000,Defense ,37,57,39,78,63,78,74,26,39
PEDRO MONTGOMERY,160000,Defense ,28,7,41,85,66,70,8,55,22
DARELL LUCAS,127000,Defense ,20,0,42,32,83,56,0,46,20
ALEC HARDY,92000,Defense ,22,26,71,0,71,33,28,99,28
ALEX MICHAEL,385000,Defense ,18,74,55,100,74,96,51,30,19
ERIC MONTGOMERY,101000,Defense ,21,8,65,25,85,14,1,68,34
WILMER WU,368000,Defense ,24,83,66,48,100,52,65,9,35
CHARLES MATHEWS,293000,Defense ,28,61,81,32,76,36,95,50,46
TRACEY COPELAND,250000,Defense ,17,0,37,32,87,84,54,18,25
DESMOND DELEON,253000,Defense ,29,34,55,72,77,19,53,10,40
CLAUDIO CALDWELL,276000,Defense ,18,62,70,13,68,27,100,22,12
RUDY ALLEN,232000,Defense ,38,39,34,92,67,11,100,18,21
HERSCHEL ELLISON,267000,Defense ,38,41,31,63,76,83,97,48,38
EFREN WARD,134000,Defense ,36,62,41,33,88,12,47,79,38
LUIS AYERS,268000,Defense ,24,32,58,100,90,50,41,79,48
NOE BASS,310000,Defense ,17,25,96,48,82,9,85,34,50
FOSTER LOWERY,262000,Defense ,18,38,46,55,87,93,8,58,47
DION GARRETT,302000,Defense ,29,30,51,100,66,66,70,43,49
JERMAINE RYAN,233000,Defense ,17,64,74,43,71,2,77,77,30
ROBIN FERRELL,199000,Defense ,30,46,62,18,73,70,6,26,40
AHMAD WILLIAMSON,84000,Defense ,27,18,53,0,85,36,37,81,17
PETER GARZA,133000,Defense ,16,23,26,96,86,4,26,84,4
NUMBERS DENNIS,135000,Defense ,33,0,56,0,100,28,11,11,50
SCOTTIE WIGGINS,239000,Defense ,25,0,71,89,84,13,57,38,38
PASQUALE FORD,237000,Defense ,22,26,77,71,82,40,26,64,45
ANDREA PATTERSON,97000,Defense ,37,17,33,26,77,9,66,54,34
TYSON SUTTON,116000,Defense ,31,68,58,0,84,15,19,74,39
ENOCH LOZANO,352000,Defense ,24,46,100,77,90,54,53,8,12
ZANE DURAN,263000,Defense ,25,28,62,19,88,39,61,7,48
WINFORD WEBB,16000,Defense ,37,0,34,6,68,56,3,88,48
ALEX DICKSON,204000,Defense ,33,42,53,33,70,90,29,26,12
DONOVAN RHODES,144000,Defense ,35,0,33,98,62,17,12,14,41
ENOCH ANDERSEN,298000,Defense ,19,0,67,88,77,70,86,67,34
KEVEN WILKINS,94000,Defense ,36,46,23,44,69,52,26,91,33
WALTON WILLIAMS,142000,Defense ,34,0,19,62,79,49,64,55,26
CHUCK LAMBERT,55000,Defense ,36,63,23,21,85,30,41,100,0
DELBERT HURST,211000,Defense ,26,26,62,21,77,42,93,56,24
SYLVESTER JOHNSON,212000,Defense ,33,88,38,82,58,8,51,43,29
GREGG GORDON,266000,Defense ,21,14,57,33,68,88,76,51,44
ARNULFO GREEN,102000,Defense ,18,12,65,11,73,7,54,95,29
SHAWN JENKINS,259000,Defense ,19,0,92,18,94,52,91,32,1
DANILO FLEMING,324000,Defense ,18,34,88,100,79,75,34,58,26
HASSAN HOGAN,170000,Defense ,18,36,57,0,78,27,1,18,43
JED SAMPSON,202000,Defense ,16,0,76,6,72,73,8,32,47
CARLOS HEBERT,276000,Defense ,19,74,46,37,80,79,21,35,31
JAMAR DAVILA,341000,Defense ,22,100,79,75,78,82,63,97,27
ERASMO LIU,284000,Defense ,24,60,100,100,83,34,21,87,45
JACQUES ADKINS,90000,Defense ,36,20,43,0,96,69,4,54,20
BRAIN TERRELL,343000,Defense ,34,42,54,99,73,90,64,22,45
MIQUEL DONALDSON,251000,Defense ,36,74,29,100,76,9,84,35,22
SCOTT GALLOWAY,351000,Defense ,31,72,64,100,84,65,58,21,22
RICKY BERGER,149000,Defense ,19,57,34,0,80,34,28,57,30
MONTE CHANEY,165000,Defense ,28,0,84,0,79,61,38,16,3
DAMIAN CURTIS,224000,Defense ,19,77,51,41,79,0,9,5,29
CORNELL MERCADO,162000,Defense ,36,64,21,53,88,24,9,22,33
LEONARDO SOLIS,219000,Defense ,17,53,69,38,76,72,6,74,30
REINALDO JUAREZ,373000,Defense ,30,86,56,79,68,79,91,6,10
EARNEST SALINAS,139000,Defense ,22,4,85,25,86,51,5,63,12
FRANKLYN LAWRENCE,210000,Defense ,38,10,43,100,73,54,23,7,28
AUGUSTUS ROBERTSON,291000,Defense ,24,55,100,68,88,54,39,75,34
COLTON FINLEY,106000,Defense ,35,8,0,1,70,30,88,27,41
NIGEL SOLIS,212000,Defense ,31,34,51,100,84,58,17,72,33
MICHEAL LEVY,312000,Defense ,23,64,75,0,97,53,86,44,50
MACK HUFF,286000,Defense ,19,19,68,52,73,50,90,19,10
ROBT WHITE,174000,Defense ,33,29,46,0,75,32,100,11,2
WERNER VAUGHN,82000,Defense ,35,41,13,0,58,80,46,91,40
PORTER JOSEPH,84000,Defense ,37,36,39,20,90,29,46,88,23
MICAH FRANKLIN,266000,Defense ,29,52,34,54,90,61,94,34,2
ANDREW COWAN,148000,Defense ,37,53,19,18,81,65,94,85,14
GASTON MASSEY,204000,Defense ,28,13,42,49,78,21,89,30,26
BRUCE CARPENTER,260000,Defense ,19,72,53,39,96,46,28,41,24
ISAAC CLARK,173000,Defense ,34,86,28,29,65,64,0,21,24
SID CASTANEDA,148000,Defense ,33,0,48,37,83,66,3,6,16
DARON KHAN,287000,Defense ,36,81,19,58,82,72,52,14,45
CARSON BENNETT,254000,Defense ,33,55,57,61,83,51,1,4,49
BERRY MATTHEWS,342000,Defense ,25,92,42,81,77,76,68,28,9
ALVIN MASON,194000,Defense ,38,6,27,84,78,64,56,31,24
RUDOLF CANNON,289000,Defense ,25,58,100,43,82,66,9,35,41
JOHN HUGHES,111000,Defense ,34,0,37,6,85,97,51,86,23
CYRIL CURRY,247000,Defense ,18,69,35,7,81,91,37,43,24
JACINTO MATHIS,170000,Defense ,27,0,84,52,70,83,4,87,45
DALLAS MOSLEY,210000,Defense ,19,55,76,0,94,65,51,88,14
CHRISTOPHER LLOYD,180000,Defense ,20,0,64,94,86,29,7,67,27
COLUMBUS ARNOLD,271000,Defense ,16,6,98,35,69,37,99,66,41
BERRY FREY,214000,Defense ,24,1,80,100,84,3,2,14,30
BENITO HICKMAN,169000,Defense ,35,0,32,100,83,12,61,21,7
NATHANAEL CHERRY,185000,Defense ,38,27,28,23,74,63,83,19,20
HYMAN ZHANG,167000,Defense ,16,46,77,13,63,0,34,30,12
SALVADOR FERRELL,111000,Defense ,37,0,32,27,81,61,97,78,2
FRANCIS MOLINA,315000,Defense ,34,91,35,100,87,39,32,14,47
COURTNEY HALE,155000,Defense ,37,12,48,40,90,74,39,77,40
DEL BAUTISTA,316000,Defense ,16,41,76,96,78,41,53,61,40
JAMAAL WYATT,231000,Defense ,23,4,32,83,92,91,33,71,36
ORLANDO BEAN,112000,Defense ,16,0,76,29,73,10,19,62,15
HIPOLITO HOLMES,185000,Defense ,34,16,9,49,66,100,70,44,21
ARNOLDO BENDER,158000,Defense ,27,0,54,43,91,100,38,88,1
ANTONE BOND,58000,Defense ,35,48,33,9,65,11,44,76,29
WILBUR CLAYTON,119000,Defense ,16,40,46,0,76,32,45,100,28
JAYSON CHURCH,193000,Defense ,28,4,37,51,89,20,54,5,27
EMILE ALEXANDER,237000,Defense ,17,10,53,4,96,93,69,42,5
LUCIANO BEAN,197000,Defense ,33,0,52,71,80,52,39,30,32
ANTHONY KENNEDY,242000,Defense ,28,22,58,91,92,34,16,10,23
FELIX SINGH,129000,Defense ,37,0,28,61,66,64,20,26,27
NEWTON ROSALES,147000,Defense ,26,0,35,21,83,24,89,32,5
MARION PITTS,46000,Defense ,23,0,56,38,62,13,2,76,20
LANCE MURPHY,199000,Defense ,16,0,71,82,67,6,84,95,32
HOUSTON CANTRELL,296000,Defense ,27,34,67,100,84,3,85,25,29
AMOS SHERMAN,65000,Defense ,29,5,53,0,63,71,12,54,2
THURMAN WOLF,290000,Defense ,19,68,63,64,68,9,94,47,28
JONAH HAHN,43000,Defense ,30,2,49,0,68,22,17,57,32
EUSEBIO GIBBS,133000,Defense ,16,22,70,20,87,14,5,41,4
MINH BEAN,261000,Defense ,22,22,65,100,70,3,83,29,13
ROBIN PATTERSON,225000,Defense ,24,24,80,0,77,22,79,23,38
CARY LOWE,247000,Defense ,26,41,73,29,91,6,86,20,19
HERB HART,236000,Defense ,25,14,81,21,92,48,66,25,14
FERDINAND KANE,358000,Defense ,28,76,69,88,80,52,36,1,42
MICHAL ALEXANDER,136000,Defense ,33,50,66,0,93,32,5,16,5
LEWIS SHEPHERD,138000,Defense ,37,96,32,0,84,3,93,86,27
BART WOODARD,192000,Defense ,22,25,46,0,82,81,78,73,19
HORACE PENNINGTON,228000,Defense ,21,40,49,21,91,40,52,15,13
HAL RUSSO,252000,Defense ,18,0,92,67,75,1,93,44,22
HOBERT STEVENSON,233000,Defense ,29,70,57,48,82,94,6,85,48
GUADALUPE CARDENAS,290000,Defense ,16,64,89,100,73,10,29,42,15
BENNIE GONZALES,217200,Defense Midfield ,29,60,58,79,78,0,26,72,39
VAN COLE,184799,Defense Midfield ,33,67,54,84,94,20,14,92,12
CAMERON COOPER,279599,Defense Midfield ,35,53,18,85,100,85,63,100,34
ARRON SAVAGE,218400,Defense Midfield ,37,65,43,59,99,79,22,80,6
RICO LAMB,338400,Defense Midfield ,17,31,78,63,78,12,95,43,19
VINCE FREDERICK,399599,Defense Midfield ,16,87,73,85,77,59,68,90,22
LONNIE GENTRY,321599,Defense Midfield ,35,65,40,84,81,37,57,16,25
GERMAN ANDERSON,306000,Defense Midfield ,36,72,21,91,92,95,0,10,2
CHRISTOPER CONWAY,482400,Defense Midfield ,19,42,87,68,94,74,83,13,24
JOHNATHAN MARTINEZ,220799,Defense Midfield ,26,55,69,100,74,0,0,77,41
LEN GATES,193200,Defense Midfield ,31,67,45,66,77,29,20,90,40
CLAYTON KIRK,211200,Defense Midfield ,30,21,42,71,81,26,38,62,49
FELTON ODOM,282000,Defense Midfield ,30,74,54,74,75,10,82,64,20
JAME FULLER,363599,Defense Midfield ,21,69,60,75,75,23,67,32,29
HERB GILL,390000,Defense Midfield ,21,66,91,84,74,0,72,17,18
BILLIE LE,384000,Defense Midfield ,18,77,69,80,71,17,66,42,36
WILLY RIGGS,320400,Defense Midfield ,27,77,73,95,81,14,44,74,38
WOODROW ALLISON,314400,Defense Midfield ,22,81,46,70,70,89,35,85,22
BASIL ENGLISH,307200,Defense Midfield ,29,84,49,82,81,56,55,98,34
EMILIO MORA,246000,Defense Midfield ,21,46,54,89,77,37,41,81,5
PETER FRAZIER,226799,Defense Midfield ,23,71,61,60,85,9,47,97,22
JEREMIAH POTTS,310800,Defense Midfield ,29,49,31,86,74,87,42,32,9
ALONZO SCHULTZ,312000,Defense Midfield ,33,70,50,87,79,61,55,73,30
LEONARD MURRAY,360000,Defense Midfield ,17,72,63,73,72,4,99,64,32
RODERICK FULLER,190799,Defense Midfield ,35,76,33,72,70,68,3,99,41
EUGENIO MONTGOMERY,399599,Defense Midfield ,31,66,73,61,90,97,91,58,6
GAYLORD HEATH,234000,Defense Midfield ,31,64,52,70,87,7,1,14,21
HAYDEN STEIN,200400,Defense Midfield ,35,52,55,60,74,37,45,78,27
GRANVILLE HARMON,345599,Defense Midfield ,33,70,62,78,79,95,67,68,4
BILLY BERG,225600,Defense Midfield ,35,58,33,91,78,32,45,57,13
DEL MEJIA,376800,Defense Midfield ,27,68,96,66,82,73,12,41,39
MIQUEL CAMPOS,265200,Defense Midfield ,28,80,50,66,66,25,19,23,22
HUGH HALL,451200,Defense Midfield ,19,81,79,87,76,24,96,12,2
REGINALD SANTANA,326400,Defense Midfield ,29,81,58,68,72,16,50,2,16
HARLAND KRUEGER,292800,Defense Midfield ,18,34,90,75,70,50,8,43,14
MARSHALL MEYERS,397200,Defense Midfield ,18,47,82,80,74,70,66,62,28
HORACIO LAWSON,379200,Defense Midfield ,19,57,59,89,86,17,55,31,41
STANLEY STRONG,254399,Defense Midfield ,18,68,54,80,92,33,10,82,11
SHIRLEY NEWMAN,310800,Defense Midfield ,23,43,69,69,84,76,61,74,0
KRIS ESTRADA,240000,Defense Midfield ,36,80,30,100,79,13,41,53,18
PARKER TOWNSEND,384000,Defense Midfield ,21,99,82,70,71,3,62,33,29
LEROY WADE,375599,Defense Midfield ,23,72,67,72,97,75,18,20,1
EFREN NASH,308400,Defense Midfield ,24,62,25,100,81,18,21,4,26
ELWOOD SCHMIDT,346800,Defense Midfield ,27,52,52,77,85,40,65,20,19
BARRY BREWER,352800,Defense Midfield ,21,51,61,86,75,10,84,40,30
STANLEY DUDLEY,339599,Defense Midfield ,33,47,56,73,72,92,17,22,47
WHITNEY CASEY,280800,Defense Midfield ,34,63,25,67,80,2,91,18,26
ARLIE BOYLE,213600,Defense Midfield ,27,53,85,71,73,26,13,65,3
AUGUSTUS CASTANEDA,367200,Defense Midfield ,18,58,48,88,87,52,68,85,44
RICK SCHULTZ,162000,Defense Midfield ,35,58,27,67,76,12,80,85,5
LUIGI COLON,352800,Defense Midfield ,34,100,25,89,86,41,62,16,9
MIKEL MANN,304800,Defense Midfield ,23,62,70,74,86,37,35,88,47
LAMAR TERRELL,406800,Defense Midfield ,22,49,68,71,92,70,88,63,30
DENNY MILLER,415200,Defense Midfield ,19,56,96,93,92,87,64,90,5
LAWERENCE MARKS,409200,Defense Midfield ,24,54,74,80,73,72,30,10,40
DONNIE ANDERSON,276000,Defense Midfield ,32,78,54,65,88,75,46,80,0
TERENCE PECK,253200,Defense Midfield ,36,57,20,72,72,50,64,56,40
BENNY KELLY,90000,Defense Midfield ,33,17,36,54,69,30,30,74,12
CARMELO SHIELDS,162000,Defense Midfield ,38,41,31,88,80,5,34,74,44
LEROY JENNINGS,324000,Defense Midfield ,36,78,24,81,86,82,11,7,23
VALENTIN OBRIEN,394800,Defense Midfield ,23,45,48,80,62,97,53,37,50
RAYMON HERNANDEZ,484799,Defense Midfield ,18,97,93,72,77,23,75,6,27
ANDRE HARVEY,262800,Defense Midfield ,38,71,6,69,82,69,90,65,11
FIDEL MAYO,405599,Defense Midfield ,24,82,55,87,96,55,41,28,22
MARION WEBB,255600,Defense Midfield ,30,74,44,71,77,30,75,82,14
CEDRIC MCKENZIE,278400,Defense Midfield ,29,43,53,93,74,53,46,84,41
ODELL LINDSEY,368400,Defense Midfield ,27,49,89,86,95,25,57,42,29
SANFORD FLORES,404400,Defense Midfield ,18,69,75,69,93,82,18,38,23
GRAIG SHEPPARD,382800,Defense Midfield ,17,61,32,69,98,43,94,33,6
STEWART SUAREZ,420000,Defense Midfield ,22,33,56,71,79,77,89,0,11
LEWIS JACOBS,211200,Defense Midfield ,29,37,46,70,97,56,26,86,17
ELLIOT BRADLEY,210000,Defense Midfield ,17,66,84,73,83,11,5,98,2
RANDOLPH MEZA,243600,Defense Midfield ,35,39,36,75,84,64,51,74,33
BENITO CALDWELL,415200,Defense Midfield ,23,84,99,82,69,50,49,44,26
MOSE YOUNG,433200,Defense Midfield ,20,90,58,83,69,44,80,49,46
LEONARDO WALTERS,248399,Defense Midfield ,28,52,63,60,77,17,82,74,14
SANFORD BOYLE,436800,Defense Midfield ,20,46,73,86,99,40,52,4,32
ELLSWORTH YATES,378000,Defense Midfield ,27,50,42,84,81,97,86,50,6
ALLEN ZAVALA,325200,Defense Midfield ,25,25,55,85,83,17,75,39,45
PORTER AYERS,529199,Defense Midfield ,16,85,87,87,71,52,91,16,32
RUSSEL REYES,310800,Defense Midfield ,28,65,87,60,78,29,36,32,20
SHERMAN MATTHEWS,254399,Defense Midfield ,26,68,37,73,79,43,22,65,33
VAUGHN SMALL,409200,Defense Midfield ,20,32,73,80,93,69,77,72,49
MILFORD MONTGOMERY,447599,Defense Midfield ,18,72,100,87,60,94,40,35,9
JEFFRY SUMMERS,261599,Defense Midfield ,37,45,43,74,75,25,85,42,24
MICKEY ZAVALA,423599,Defense Midfield ,20,48,77,74,95,33,96,53,43
THERON RODRIGUEZ,316800,Defense Midfield ,34,85,40,89,87,85,29,75,26
CHADWICK VARGAS,434400,Defense Midfield ,19,53,40,68,83,97,86,39,31
MARY PEARSON,151200,Defense Midfield ,36,73,34,74,84,2,34,78,11
BRADLEY KERR,324000,Defense Midfield ,31,69,50,82,84,96,42,60,0
COLTON POOLE,319200,Defense Midfield ,30,75,56,61,87,72,74,96,27
ELWOOD GEORGE,219600,Defense Midfield ,25,38,49,72,71,37,22,62,31
TERRELL MARSHALL,294000,Defense Midfield ,32,90,54,82,82,12,55,81,47
COREY FLORES,476400,Defense Midfield ,24,74,71,81,68,94,100,62,43
ERWIN YU,253200,Defense Midfield ,27,70,48,80,83,56,14,75,16
BOBBY ROACH,114000,Defense Midfield ,38,28,32,89,71,38,2,81,30
CLAUD CARSON,378000,Defense Midfield ,17,67,49,62,77,62,49,25,25
HANS NEWMAN,394800,Defense Midfield ,21,55,91,80,89,42,33,19,21
JAROD HURST,280800,Defense Midfield ,19,41,45,100,83,60,2,45,5
AUGUST HAYS,339599,Defense Midfield ,18,63,56,82,74,24,16,14,36
THOMAS COLE,271200,Defense Midfield ,37,100,33,74,87,4,74,71,36
DARREL WHITE,288000,Defense Midfield ,38,35,26,100,70,90,23,27,37
SON REED,433200,Defense Midfield ,26,63,49,77,73,87,77,12,25
EMIL MOODY,344400,Defense Midfield ,30,57,69,80,92,40,26,31,44
CARMINE ALVARADO,478799,Defense Midfield ,25,74,100,67,76,68,74,19,34
DEMARCUS WHEELER,433200,Defense Midfield ,24,50,87,76,73,91,26,9,39
HOSEA CANNON,361200,Defense Midfield ,33,74,60,86,79,60,76,40,5
RUSTY LUCERO,97200,Defense Midfield ,34,47,36,80,85,14,6,93,8
MARCUS PALMER,372000,Defense Midfield ,34,78,31,67,97,44,62,1,34
ISREAL INGRAM,318000,Defense Midfield ,20,91,70,83,78,35,12,58,14
DARRELL HAAS,304800,Defense Midfield ,31,79,39,95,73,32,50,69,48
HIPOLITO SANDERS,324000,Defense Midfield ,24,50,68,81,86,29,71,54,11
EZEKIEL VASQUEZ,290400,Defense Midfield ,27,59,84,76,86,45,20,78,31
KEVIN FRITZ,235200,Defense Midfield ,35,64,21,60,60,40,56,15,15
HUEY LLOYD,327599,Defense Midfield ,16,74,65,86,66,3,29,26,24
MARTY PADILLA,349200,Defense Midfield ,18,98,62,82,75,11,29,40,28
CAROL OWEN,189000,Forward ,17,72,68,20,0,52,35,57,50
EZEQUIEL HULL,195000,Forward ,38,90,30,100,0,40,68,32,13
ROCCO BALDWIN,153000,Forward ,24,68,74,39,0,39,47,85,43
BERTRAM FRENCH,171000,Forward ,27,88,89,46,0,11,58,67,27
HARRY FREDERICK,129000,Forward ,36,68,23,84,0,81,14,61,28
NATHANAEL VILLANUEVA,70000,Forward ,35,80,3,7,0,44,98,83,26
ALEXANDER SAVAGE,183000,Forward ,25,72,48,100,0,33,65,81,21
MILAN SHAW,295000,Forward ,27,96,96,100,0,87,37,85,45
FREDDIE SLOAN,206000,Forward ,28,84,62,84,0,45,37,54,32
MARIA NEWMAN,113000,Forward ,27,81,70,25,0,20,21,40,17
JAMAR LEVY,175000,Forward ,31,74,48,1,0,23,98,22,46
LENNY NUNEZ,229000,Forward ,17,81,65,100,0,47,78,99,8
LINCOLN MCCANN,155000,Forward ,31,79,45,58,0,42,27,26,23
LYNN MAXWELL,218000,Forward ,28,68,89,70,0,45,83,75,22
MILES DELACRUZ,330000,Forward ,17,86,77,100,0,59,95,54,18
STEPHAN MCNEIL,189000,Forward ,38,83,32,93,0,26,99,59,29
QUINTON GARZA,215000,Forward ,32,64,59,62,0,66,65,25,20
ALEXIS TRUJILLO,138000,Forward ,36,59,39,100,0,79,55,93,7
BRET GAY,58000,Forward ,26,94,49,0,0,4,39,80,30
EMILE ROMAN,220000,Forward ,20,84,79,16,0,53,93,63,18
JULES DEAN,291000,Forward ,34,88,34,69,0,90,88,22,46
DESHAWN JIMENEZ,318000,Forward ,16,95,68,77,0,54,74,6,4
SOL MAYER,185000,Forward ,28,89,90,37,0,65,31,68,25
ARIEL SHEPPARD,245000,Forward ,19,76,84,21,0,69,92,61,21
STEFAN SWEENEY,249000,Forward ,32,79,41,100,0,68,37,30,50
SHELDON SHELTON,167000,Forward ,28,75,70,89,0,41,16,48,8
GRANT CHRISTENSEN,286000,Forward ,23,81,58,100,0,66,82,35,3
RENALDO WARE,226000,Forward ,21,78,90,24,0,16,92,34,23
RAYMOND BARKER,103000,Forward ,17,66,33,0,0,5,49,17,18
RAFAEL FORD,288000,Forward ,30,92,46,100,0,84,34,13,35
COLE BLEVINS,293000,Forward ,22,69,97,0,0,94,93,40,46
ADALBERTO MORRIS,59000,Forward ,36,71,26,46,0,33,28,62,25
MALCOM ARROYO,98000,Forward ,37,85,37,100,0,14,48,92,17
NORBERT RICHARD,131000,Forward ,25,75,60,0,0,5,80,18,4
FREDERIC HINES,277000,Forward ,24,91,100,100,0,27,10,3,24
GIL MCCARTHY,176000,Forward ,32,69,43,92,0,65,81,83,5
LYMAN LEWIS,158000,Forward ,29,69,30,9,0,60,67,16,26
ERASMO CONLEY,311000,Forward ,17,92,94,75,0,50,59,54,46
LACY BLACK,128000,Forward ,38,81,29,100,0,20,74,68,6
JAMEL BURTON,99000,Forward ,30,68,64,29,0,57,24,78,25
GERRY DUDLEY,229000,Forward ,20,75,75,72,0,86,36,62,7
DEWAYNE ANDREWS,280000,Forward ,17,76,67,100,0,12,90,21,7
RICHIE OWEN,173000,Forward ,26,89,25,92,0,8,69,53,21
LAWRENCE VELEZ,190000,Forward ,16,100,76,43,0,11,16,20,12
JOSUE REEVES,133000,Forward ,16,70,71,80,0,0,6,91,45
KIM MUELLER,234000,Forward ,23,75,45,20,0,94,44,7,32
OLLIE NASH,95000,Forward ,29,72,54,56,0,15,10,35,10
MAN MULLEN,231000,Forward ,25,72,64,33,0,70,46,15,36
COLUMBUS SCHNEIDER,341000,Forward ,17,65,95,98,0,38,88,18,26
ROLAND HUMPHREY,149000,Forward ,27,89,62,0,0,15,42,21,43
CORDELL CHAN,314000,Forward ,19,91,79,100,0,82,91,77,5
JAMISON NAVARRO,120000,Forward ,30,82,42,0,0,80,56,78,28
LYNDON CASTILLO,160000,Forward ,21,86,93,8,0,28,93,89,4
TORY CRUZ,111000,Forward ,25,63,69,0,0,83,0,53,24
CRUZ PENA,253000,Forward ,38,65,34,100,0,86,83,42,41
LAZARO VAUGHAN,127000,Forward ,23,61,97,18,0,18,14,43,31
COLIN PATRICK,212000,Forward ,22,68,56,64,0,60,42,14,2
GARFIELD WOODWARD,259000,Forward ,18,91,69,34,0,49,48,8,30
DOMINIC YORK,164000,Forward ,29,71,42,89,0,89,20,82,22
KAREEM BIRD,109000,Forward ,21,65,57,67,0,59,5,100,19
RUSS HANNA,183000,Forward ,31,95,52,51,0,45,34,43,42
ORVILLE CALHOUN,147000,Forward ,33,86,51,4,0,59,35,28,39
ADOLPH SMITH,192000,Forward ,26,53,52,75,0,70,86,88,22
CLAUD BLAKE,197000,Forward ,25,77,94,100,0,55,40,99,5
WILBUR WERNER,94000,Forward ,26,89,56,0,0,9,89,88,17
KING MELENDEZ,122000,Forward ,26,69,65,19,0,34,32,49,30
MORRIS MEYER,169000,Forward ,16,84,62,94,0,35,3,85,24
CODY DICKSON,272000,Forward ,29,82,67,80,0,66,97,64,31
DOMINICK CANNON,171000,Forward ,20,71,90,0,0,36,56,70,48
MARIO HATFIELD,333000,Forward ,24,100,81,32,0,73,91,16,44
RICKY VAZQUEZ,85000,Forward ,25,89,44,45,0,15,18,77,26
ART BOONE,162000,Forward ,29,84,62,71,0,35,23,70,44
REUBEN FREEMAN,62000,Forward ,36,84,17,18,0,20,63,51,19
GERALD HARPER,90000,Forward ,30,64,47,0,0,66,56,68,15
ROCKY DICKERSON,243000,Forward ,30,63,76,100,0,14,95,25,10
KING ORTIZ,141000,Forward ,31,61,30,42,0,70,33,29,27
MARK KNOX,260000,Forward ,26,85,74,16,0,74,83,27,33
CHAS MALDONADO,155000,Forward ,37,81,10,90,0,63,28,8,2
VINCE PARK,201000,Forward ,22,88,93,20,0,49,25,30,22
HERMAN SIMS,195000,Forward ,16,93,78,53,0,40,16,54,17
DERICK DURHAM,210000,Forward ,23,92,71,20,0,66,18,14,26
STEVIE LUCERO,114000,Forward ,37,69,16,65,0,97,6,45,17
KIRK COLON,154000,Forward ,35,59,16,49,0,93,46,48,44
JULES HICKMAN,229000,Forward ,34,64,42,100,0,89,77,70,29
WARNER DELGADO,228000,Forward ,20,94,100,0,0,44,88,45,7
LUCIEN CARLSON,259000,Forward ,25,100,44,62,0,88,33,35,42
HARLEY SNYDER,142000,Forward ,21,80,55,58,0,15,6,9,0
KERMIT WILKINSON,246000,Forward ,32,84,53,6,0,59,95,4,49
WALLY GREGORY,318000,Forward ,17,81,42,79,0,95,68,16,20
HUBERT PHILLIPS,202000,Forward ,34,80,36,99,0,62,34,21,14
CHANCE LARSON,208000,Forward ,34,70,40,20,0,76,92,0,12
BART HART,306000,Forward ,18,81,43,91,0,84,34,21,48
COLTON MCPHERSON,87000,Forward ,29,82,43,9,0,9,34,26,23
PATRICIA CARNEY,239000,Forward ,26,87,74,29,0,71,84,67,39
CARTER GREENE,321000,Forward ,17,67,49,98,0,45,97,11,27
ROSS MCPHERSON,98000,Forward ,16,83,44,0,0,11,90,93,11
FLORENCIO PRESTON,146000,Forward ,29,81,27,100,0,22,71,75,7
FRANKLYN ZIMMERMAN,266000,Forward ,20,72,63,92,0,95,45,83,42
CORTEZ BAIRD,193000,Forward ,35,86,28,0,0,95,91,27,25
ALEXIS BULLOCK,237000,Forward ,19,96,100,80,0,82,22,90,4
ULYSSES OROZCO,23000,Forward ,34,86,40,0,0,11,51,65,2
RENE GRIFFIN,254000,Forward ,27,100,86,100,0,35,5,21,30
NEAL BURGESS,131000,Forward ,35,78,30,20,0,26,99,19,2
NICK WAGNER,4000,Forward ,38,66,15,11,0,17,74,82,2
ADALBERTO GUERRA,122000,Forward ,17,71,72,0,0,10,51,80,49
EMMITT WILKERSON,41000,Forward ,38,86,18,2,0,52,52,97,42
CHRISTOPER HINTON,255000,Forward ,25,80,86,54,0,61,46,32,35
CLYDE JEFFERSON,192000,Forward ,24,72,67,55,0,16,82,47,19
TYLER MCKENZIE,232000,Forward ,26,89,59,100,0,62,31,38,7
KRAIG BENDER,117000,Forward ,35,81,41,100,0,26,5,53,22
DAVID COSTA,223000,Forward ,33,87,56,71,0,26,61,26,47
JUDE DELEON,207000,Forward ,31,73,78,100,0,13,9,11,38
SAMMIE MAXWELL,230000,Forward ,27,79,36,63,0,54,99,51,31
IVORY CARRILLO,303000,Forward ,16,76,100,34,0,52,71,27,45
WHITNEY HO,40000,Forward ,33,66,69,0,0,32,23,87,36
ALPHONSO ALVAREZ,265000,Forward ,29,53,42,100,0,87,96,55,29
LANNY ZHANG,103000,Forward ,34,68,47,46,0,43,16,38,23
ISAIAS MORENO,158000,Forward ,38,100,26,38,0,95,54,77,36
FEDERICO CHASE,318000,Forward ,22,85,73,100,0,44,47,14,49
NELSON WILLIAMS,211000,Forward ,16,69,72,81,0,27,31,32,11
CHANG FRANK,163000,Forward ,28,71,62,15,0,93,65,61,2
DUDLEY NORTON,205000,Forward ,38,80,14,72,0,28,88,3,40
REED CHERRY,214000,Forward ,23,82,100,0,0,32,68,49,50
KERMIT LEVINE,185000,Forward ,21,73,37,38,0,100,45,66,21
SYLVESTER BLACK,299000,Forward ,17,85,77,22,0,76,89,35,36
HARRIS MORALES,275000,Forward ,16,87,71,59,0,22,82,36,38
BROOKS GAY,204000,Forward ,26,76,73,0,0,77,22,6,40
JAYSON BRAUN,161000,Forward ,20,88,47,16,0,39,82,60,9
MARKUS MOODY,259000,Forward ,19,94,75,100,0,47,46,92,46
RENE HATFIELD,244000,Forward ,24,84,87,88,0,12,16,14,43
BRITT TREVINO,183000,Forward ,28,71,99,100,0,32,29,85,21
RASHAD STEVENS,330000,Forward ,18,77,100,100,0,87,12,19,27
ROYAL EVANS,286000,Forward ,28,88,70,69,0,95,48,19,19
DEXTER WEAVER,243000,Forward ,22,78,64,97,0,10,68,55,47
SANTIAGO PEARSON,258000,Forward ,34,80,26,100,0,65,76,18,31
ALVA MIDDLETON,156000,Forward ,37,68,24,16,0,83,85,22,13
MALCOLM SULLIVAN,91000,Forward ,31,79,38,21,0,7,24,2,17
BRAD FRITZ,116000,Forward ,16,55,88,0,0,36,17,35,3
CLAUDE OROZCO,133000,Forward ,18,81,76,21,0,12,27,45,15
BOB PONCE,173000,Forward ,28,84,68,0,0,91,19,18,13
KAREEM LAMBERT,242000,Forward ,16,76,72,57,0,74,68,72,15
DANNY MONTOYA,296000,Forward ,28,76,80,33,0,93,75,14,37
DERICK ADAMS,154000,Forward ,28,94,78,64,0,43,28,99,30
WILLIAN COOKE,100000,Forward ,16,68,32,72,0,47,3,86,12
DELMAR NORTON,147000,Forward ,22,73,40,27,0,64,71,76,14
CLAIR WEBER,225000,Forward ,27,77,84,47,0,9,72,28,45
JARVIS VALENCIA,194000,Forward ,29,73,48,74,0,45,66,65,40
WILFREDO MCDANIEL,209000,Forward ,38,79,37,100,0,25,98,56,40
RUEBEN WEAVER,287000,Forward ,30,87,48,100,0,69,92,48,29
JOAN COOLEY,229000,Forward ,26,74,81,18,0,82,52,18,18
REX LITTLE,263000,Forward ,25,100,100,46,0,25,54,13,26
JAY DAVID,148000,Forward ,26,70,61,6,0,57,38,27,21
TRINIDAD JORDAN,312000,Forward ,19,86,85,82,0,69,53,22,16
DARWIN MOON,29000,Forward ,34,80,33,2,0,26,36,65,19
LANE PRINCE,173000,Forward ,26,97,85,25,0,86,27,85,16
FRANCIS BARNES,77000,Forward ,33,67,48,32,0,7,61,39,0
LUTHER FLOWERS,248000,Forward ,26,85,57,52,0,55,72,13,18
MYLES HERRING,261000,Forward ,18,93,81,100,0,47,48,74,20
CHUCK NAVARRO,100000,Forward ,33,79,49,40,0,58,48,85,10
ANDY BASS,87000,Forward ,30,71,37,38,0,20,34,40,17
DERICK FREDERICK,147000,Forward ,22,83,54,50,0,69,17,68,8
COLTON WILLIS,179000,Forward ,27,88,64,53,0,79,33,66,9
AUGUSTUS KELLEY,288000,Forward ,28,81,100,43,0,30,95,5,28
FLETCHER LAWSON,183000,Forward ,20,53,54,0,0,25,93,17,35
LOU HOOD,152000,Forward ,22,75,36,60,0,22,19,12,18
FREDRIC GRAY,164000,Forward ,32,92,45,93,0,19,74,63,0
DAREN MILLS,63000,Forward ,38,83,27,35,0,74,22,94,30
ERIN ARROYO,224000,Forward ,32,87,59,2,0,73,77,12,34
ANTONIO PONCE,234000,Forward ,16,67,79,100,0,14,20,46,48
HOWARD HOLLOWAY,127000,Goal Keeper ,33,18,32,51,0,8,42,93,59
WOODROW POPE,195000,Goal Keeper ,22,46,57,55,0,77,32,98,57
MONROE SHEA,198000,Goal Keeper ,36,37,25,5,0,28,2,8,62
EVAN MUNOZ,322000,Goal Keeper ,31,75,36,50,0,6,93,59,86
ZACHARIAH HILL,387000,Goal Keeper ,35,38,20,43,0,85,59,19,83
NATHANIAL GENTRY,410000,Goal Keeper ,16,34,46,100,0,100,96,42,72
ISIDRO BUSH,425000,Goal Keeper ,20,62,43,65,0,15,98,48,100
DONTE ALLEN,144000,Goal Keeper ,35,24,40,62,0,85,23,94,50
VINCENZO RICHMOND,231000,Goal Keeper ,30,18,42,54,0,37,29,67,73
JULIUS BYRD,357000,Goal Keeper ,20,14,80,100,0,20,100,91,92
LUCIANO ELLIS,249000,Goal Keeper ,23,72,57,28,0,21,55,53,68
TOM BOLTON,245000,Goal Keeper ,29,45,44,96,0,51,30,82,76
MAC CARDENAS,366000,Goal Keeper ,36,0,10,33,0,30,45,1,91
JOSH BUTLER,295000,Goal Keeper ,25,0,93,100,0,51,60,90,81
ORVAL HARDY,360000,Goal Keeper ,29,18,57,47,0,19,21,10,97
WAYNE LOZANO,222000,Goal Keeper ,30,100,53,11,0,41,31,98,77
REUBEN BULLOCK,243000,Goal Keeper ,18,0,55,73,0,32,63,28,53
DERRICK UNDERWOOD,333000,Goal Keeper ,23,0,75,100,0,41,44,66,90
HERIBERTO LOZANO,312000,Goal Keeper ,31,24,39,26,0,3,9,14,94
PHILLIP MORROW,428000,Goal Keeper ,20,0,31,47,0,90,68,66,94
JODY BARR,282000,Goal Keeper ,21,0,94,100,0,48,71,3,52
HARVEY LANE,248000,Goal Keeper ,28,34,32,25,0,81,59,56,55
WILLIAM HENSLEY,284000,Goal Keeper ,34,85,35,38,0,52,92,36,61
VALENTIN MORENO,344000,Goal Keeper ,37,45,17,100,0,98,43,79,89
LAVERNE PETERS,315000,Goal Keeper ,19,43,84,89,0,16,95,6,62
MAJOR DAVILA,265000,Goal Keeper ,19,45,65,46,0,53,6,84,82
LAMAR SOSA,433000,Goal Keeper ,32,72,42,10,0,91,88,54,93
SHELBY ROWLAND,405000,Goal Keeper ,38,0,22,43,0,97,65,1,80
MITCHELL LITTLE,329000,Goal Keeper ,38,26,32,86,0,18,88,17,79
STEVIE MATHEWS,312000,Goal Keeper ,27,2,61,100,0,89,50,81,77
JAME SANTANA,197000,Goal Keeper ,27,6,59,7,0,12,12,1,57
KRISTOFER CLARKE,281000,Goal Keeper ,25,7,71,100,0,19,10,74,94
RIGOBERTO GARCIA,276000,Goal Keeper ,38,56,21,87,0,18,64,38,77
ROBIN BARBER,206000,Goal Keeper ,16,25,86,50,0,23,24,61,63
RODOLFO ALI,354000,Goal Keeper ,31,75,47,0,0,5,22,3,98
FORREST ROMERO,187000,Goal Keeper ,33,28,47,78,0,55,61,99,59
DARON GLASS,169000,Goal Keeper ,28,0,81,85,0,92,24,91,50
SHELDON HOBBS,400000,Goal Keeper ,24,24,64,28,0,12,72,0,91
JERROLD CAREY,249000,Goal Keeper ,17,60,44,6,0,46,17,20,60
JAMEL MCKENZIE,410000,Goal Keeper ,22,38,79,100,0,86,26,10,88
FLORENTINO KEMP,292000,Goal Keeper ,26,2,100,87,0,2,39,89,98
CARL CHOI,307000,Goal Keeper ,23,0,83,38,0,96,20,23,65
ARIEL GRAHAM,405000,Goal Keeper ,19,50,49,82,0,17,88,62,100
ANDREAS BECK,476000,Goal Keeper ,24,49,100,0,0,95,66,29,98
TOBY HICKMAN,349000,Goal Keeper ,16,27,90,73,0,44,76,95,89
CARMEN MOONEY,274000,Goal Keeper ,35,0,17,64,0,81,78,39,56
BURT THOMAS,276000,Goal Keeper ,29,3,36,100,0,8,10,32,87
JAE GONZALEZ,124000,Goal Keeper ,23,13,48,100,0,5,8,75,58
ELVIN ARIAS,165000,Goal Keeper ,21,20,70,51,0,42,15,82,58
FELTON BOLTON,413000,Goal Keeper ,32,16,58,70,0,87,63,5,83
REFUGIO VARGAS,346000,Goal Keeper ,36,5,30,68,0,6,62,10,90
HOYT FERNANDEZ,275000,Goal Keeper ,35,0,37,70,0,39,68,18,64
KIETH GALLOWAY,357000,Goal Keeper ,24,57,39,57,0,94,5,74,95
MELVIN COCHRAN,202000,Goal Keeper ,22,5,83,16,0,48,47,61,53
ANDRE WANG,251000,Goal Keeper ,38,36,16,80,0,87,55,23,52
EMORY IRWIN,435000,Goal Keeper ,18,22,41,4,0,63,60,12,90
WM PALMER,231000,Goal Keeper ,38,0,25,41,0,81,54,52,56
WILLIAM ROSALES,268000,Goal Keeper ,21,44,78,93,0,43,35,52,71
ROGELIO WILKINS,298000,Goal Keeper ,37,15,21,100,0,42,36,42,84
MILAN SINGLETON,236000,Goal Keeper ,30,38,40,100,0,14,96,78,66
HARRIS SIMPSON,314000,Goal Keeper ,28,8,90,91,0,6,52,32,86
EDISON DONALDSON,204000,Goal Keeper ,31,25,61,74,0,47,23,76,68
LENARD YODER,308000,Goal Keeper ,24,67,64,45,0,16,87,43,74
TYLER SAUNDERS,318000,Goal Keeper ,19,0,86,67,0,56,80,24,61
ROBIN CASTRO,351000,Goal Keeper ,29,40,57,62,0,99,9,43,86
ALFONSO CARLSON,383000,Goal Keeper ,18,41,60,0,0,79,61,57,84
SUNG MCCOY,222000,Goal Keeper ,37,30,35,79,0,10,63,17,60
LINO LI,353000,Goal Keeper ,18,30,67,100,0,93,80,36,63
JODY COFFEY,359000,Goal Keeper ,25,0,40,91,0,55,4,26,94
TODD CHAN,318000,Goal Keeper ,17,45,51,74,0,21,60,77,87
FAUSTO MURILLO,252000,Goal Keeper ,20,2,100,52,0,31,66,5,50
CESAR COMPTON,315000,Goal Keeper ,19,62,31,41,0,48,44,35,74
GEOFFREY CONWAY,271000,Goal Keeper ,29,59,51,100,0,14,45,94,91
JEFFERSON MCDONALD,181000,Midfield ,24,42,51,94,46,30,38,90,42
ART ANDRADE,301000,Midfield ,24,64,91,76,62,75,65,88,28
RICARDO PERKINS,339000,Midfield ,23,45,84,84,60,96,70,70,39
AMADO BELL,393000,Midfield ,18,66,100,63,52,87,85,38,32
DARIO JACOBS,98000,Midfield ,37,62,30,85,25,2,5,0,0
WM OLSEN,382000,Midfield ,22,54,94,74,87,10,98,4,35
ELMO SUAREZ,203000,Midfield ,19,70,42,76,50,68,14,75,15
DARIN RASMUSSEN,145000,Midfield ,35,50,21,75,52,16,7,12,41
JAMAL FUENTES,288000,Midfield ,17,58,70,87,88,52,18,63,29
WADE BLACK,285000,Midfield ,31,52,43,83,98,72,71,78,37
PABLO KLINE,194000,Midfield ,32,47,41,71,86,36,27,60,42
DANILO BAXTER,273000,Midfield ,26,88,78,83,50,40,63,62,11
RUDY OBRIEN,302000,Midfield ,24,40,62,88,56,67,57,2,6
ARNOLD MITCHELL,307000,Midfield ,29,92,58,81,83,27,99,54,8
GARY PARK,82000,Midfield ,29,70,24,71,65,12,27,100,0
VINCE SHEA,153000,Midfield ,17,44,61,72,53,13,28,84,17
ARCHIE LAMBERT,313000,Midfield ,30,76,35,77,72,95,70,35,13
JORDAN MALONE,261000,Midfield ,28,23,92,95,63,83,26,39,2
BUD DANIEL,195000,Midfield ,32,70,41,64,40,91,24,89,50
LEROY COBB,334000,Midfield ,24,59,100,83,76,36,64,38,26
BRENDAN MASSEY,274000,Midfield ,38,47,31,84,50,75,99,15,17
MARTY CORDOVA,238000,Midfield ,36,55,41,73,61,51,55,15,25
GILBERTO DAUGHERTY,182000,Midfield ,38,80,12,72,74,79,9,34,4
CURTIS EVERETT,289000,Midfield ,18,74,95,79,32,10,48,6,11
FORREST DELGADO,262000,Midfield ,26,42,56,83,88,46,5,26,46
LINCOLN OCHOA,173000,Midfield ,18,39,61,79,65,15,4,48,12
STACY SANTIAGO,234000,Midfield ,38,34,31,78,76,86,63,47,27
LONNIE WHITEHEAD,191000,Midfield ,38,33,25,86,39,99,69,54,8
DARNELL VEGA,250000,Midfield ,29,77,65,73,62,55,79,100,26
JOHN BRENNAN,168000,Midfield ,35,56,27,85,75,24,3,8,11
KIP FARMER,308000,Midfield ,34,66,37,89,74,92,68,25,9
DESMOND HARDING,259000,Midfield ,29,40,60,100,86,56,20,64,48
DARIN MCCORMICK,320000,Midfield ,16,57,80,75,81,27,83,56,21
WILLIE SANFORD,386000,Midfield ,25,47,100,74,73,87,61,17,36
RODOLFO HANEY,346000,Midfield ,20,62,71,89,56,45,74,10,19
BORIS SANDERS,359000,Midfield ,24,65,65,100,67,89,13,2,34
JARROD HORNE,229000,Midfield ,18,64,100,69,38,29,28,69,24
ELLIOTT JOYCE,239000,Midfield ,37,87,20,89,54,72,71,81,38
BENTON MCINTOSH,181000,Midfield ,26,85,42,100,33,7,27,78,43
KRAIG GAINES,91000,Midfield ,38,18,41,73,67,9,10,60,47
ARRON DUKE,315000,Midfield ,23,100,100,85,95,18,0,27,13
OLLIE GOODMAN,258000,Midfield ,22,85,41,92,67,11,10,24,42
FRITZ MIRANDA,242000,Midfield ,18,33,81,82,77,44,15,51,15
ALEX PHELPS,229000,Midfield ,35,73,33,80,75,42,62,67,36
PALMER LONG,357000,Midfield ,20,63,97,81,100,83,34,46,5
WALLY OSBORNE,226000,Midfield ,32,85,48,89,48,51,53,64,12
SHAD HOLMES,362000,Midfield ,21,83,84,73,41,93,35,7,23
SHON BATES,272000,Midfield ,28,94,78,78,64,14,59,61,30
TEODORO HOWE,192000,Midfield ,21,34,29,80,50,36,31,52,47
JOHN HARDING,262000,Midfield ,23,85,85,81,62,25,59,90,24
THEODORE BENITEZ,260000,Midfield ,27,57,69,84,30,80,54,49,16
MARION PAGE,328000,Midfield ,28,81,71,80,83,20,60,27,44
KELLEY HAYNES,205000,Midfield ,27,46,65,69,19,46,39,35,37
GILBERT WEBB,310000,Midfield ,20,95,66,78,43,67,22,17,16
TYRELL SCHROEDER,289000,Midfield ,27,40,61,77,69,82,55,51,37
JAMIE HAYS,266000,Midfield ,38,39,18,97,66,88,58,1,15
TRAVIS LEVY,328000,Midfield ,20,96,76,65,64,63,65,67,26
OLEN PRESTON,327000,Midfield ,33,61,69,81,70,83,42,2,22
RANDALL BARAJAS,348000,Midfield ,21,59,100,89,66,68,38,26,17
KIRK YOUNG,397000,Midfield ,20,92,50,82,77,93,64,34,33
WILBERT WALL,341000,Midfield ,28,94,69,75,83,27,83,27,21
FAUSTO GILLESPIE,300000,Midfield ,23,81,97,80,59,25,39,46,34
EMANUEL MARQUEZ,152000,Midfield ,27,10,70,82,44,18,45,48,12
THAD HAYDEN,360000,Midfield ,16,41,78,74,69,94,79,45,18
HARLAND MCKAY,260000,Midfield ,24,61,82,66,72,30,52,79,48
ROBBY WILSON,346000,Midfield ,29,56,66,73,63,83,97,45,40
BRUCE VILLANUEVA,260000,Midfield ,37,62,34,86,68,35,100,26,12
JORGE ROGERS,116000,Midfield ,38,56,43,57,70,9,21,50,24
MERRILL COOKE,292000,Midfield ,32,54,50,98,50,100,26,40,50
JORGE DECKER,182000,Midfield ,38,45,22,86,50,34,84,25,0
RENATO RITTER,182000,Midfield ,18,50,51,71,54,42,24,71,15
RUPERT KLEIN,209000,Midfield ,18,39,56,82,30,72,9,40,15
CHRISTIAN HIGGINS,256000,Midfield ,24,65,45,87,79,15,84,93,46
ANTON SHERMAN,294000,Midfield ,33,61,55,78,94,68,97,73,13
REUBEN UNDERWOOD,279000,Midfield ,31,42,60,94,54,72,85,72,37
ALONSO PORTER,176000,Midfield ,34,65,34,80,36,17,88,62,20
BERTRAM STANLEY,306000,Midfield ,30,77,39,87,47,70,64,21,33
FRITZ COOKE,376000,Midfield ,29,60,39,85,80,95,81,0,23
LINO ROMAN,185000,Midfield ,21,61,86,67,49,42,0,89,32
PERCY ONEILL,233000,Midfield ,21,78,76,63,52,6,59,70,32
DIRK BLANKENSHIP,151000,Midfield ,22,46,83,71,43,36,11,79,6
HARLAN ROBERTS,303000,Midfield ,27,65,52,85,64,11,90,24,41
JOSHUA FISHER,248000,Midfield ,31,61,58,71,39,47,42,8,31
RILEY JACOBS,220000,Midfield ,26,75,71,89,13,65,46,74,13
BURT MANNING,257000,Midfield ,21,55,74,63,98,18,22,33,23
SAMMIE PITTS,324000,Midfield ,25,82,79,86,75,96,36,91,36
LOREN ROBERSON,366000,Midfield ,18,95,88,85,92,43,40,30,7
DEANGELO BRIDGES,180000,Midfield ,31,36,44,76,31,91,55,88,28
CARSON FLETCHER,185000,Midfield ,34,64,16,78,83,80,39,88,15
ELIAS FISHER,300000,Midfield ,22,40,49,100,74,76,84,93,36
NUMBERS RITTER,403000,Midfield ,35,89,49,83,100,67,92,9,37
LYLE PRATT,233000,Midfield ,32,63,55,70,43,46,97,68,23
MICHALE BLANCHARD,207000,Midfield ,38,42,22,77,100,62,71,81,28
NEVILLE TRUJILLO,225000,Midfield ,18,95,46,60,24,56,36,82,44
DEANDRE ASHLEY,251000,Midfield ,18,32,93,74,97,20,69,94,14
MOHAMED NORTON,156000,Midfield ,19,39,51,68,56,8,6,41,26
KURTIS SHANNON,185000,Midfield ,38,81,26,98,89,6,12,38,25
BYRON JACKSON,308000,Midfield ,28,57,57,100,41,61,71,32,37
EMMANUEL RHODES,253000,Midfield ,24,87,71,86,63,100,3,90,5
JONATHON REID,251000,Midfield ,24,64,39,83,81,6,65,34,19
ARLIE SALAZAR,345000,Midfield ,16,97,95,91,61,89,53,100,7
ISSAC CARR,225000,Midfield ,29,56,47,94,32,99,64,85,5
MALCOM SLOAN,257000,Midfield ,28,74,78,88,44,52,28,63,40
LAVERNE WALL,117000,Midfield ,36,39,29,64,52,17,4,24,44
WILTON PATTERSON,269000,Midfield ,27,51,97,73,94,81,26,73,1
HUGH RYAN,338000,Midfield ,20,39,73,80,95,76,25,13,23
HANK GREGORY,247000,Midfield ,29,54,54,88,91,14,56,71,48
HERB MARSHALL,291000,Midfield ,33,76,43,86,87,0,79,16,35
DUDLEY DAWSON,288000,Midfield ,25,77,77,75,80,10,41,39,42
LYLE MULLINS,231000,Midfield ,23,60,61,65,33,57,24,7,7
LONNY SALINAS,123000,Midfield ,35,63,32,82,25,21,30,27,2
DAREN COLON,160000,Midfield ,30,70,51,66,68,16,11,65,33
TIM SLOAN,185000,Midfield ,32,71,33,80,21,58,25,23,16
CRAIG ENGLISH,221000,Midfield ,34,38,42,95,50,53,66,44,23
CHONG HAMMOND,262000,Midfield ,18,66,83,81,35,64,47,73,13
SOL HOLT,67000,Midfield ,36,76,25,81,65,15,1,91,3
AVERY STONE,239000,Midfield ,20,100,61,77,40,42,38,94,35
PERRY RICHARDSON,293000,Midfield ,35,64,30,89,50,72,94,19,18
ROOSEVELT LEACH,157000,Midfield ,33,30,49,82,11,35,86,50,13
FREEMAN MCGUIRE,139000,Midfield ,32,48,53,63,46,38,32,50,5
DIEGO KEITH,288000,Midfield ,27,63,61,89,56,57,6,3,40
BENEDICT MCKEE,304000,Midfield ,33,27,44,98,55,67,87,3,28
AHMAD SINGH,86000,Midfield ,29,37,46,70,39,9,15,43,0
JARVIS BENTON,357000,Midfield ,17,43,96,72,29,61,77,17,47
LOU BENTON,315000,Midfield ,19,18,58,81,83,49,98,18,3
LEE GLASS,285000,Midfield ,24,94,52,77,95,8,9,3,25
ROMAN COMBS,259000,Midfield ,33,55,65,77,82,65,38,37,13
BRUCE BRANCH,299000,Midfield ,24,44,71,75,71,59,42,39,48
PERCY SLOAN,288000,Midfield ,36,64,40,64,78,60,87,47,50
STACY PATRICK,216000,Midfield ,35,92,28,77,65,21,33,8,13
CARROL WILKINSON,214000,Midfield ,22,36,72,77,88,60,9,72,10
CECIL EDWARDS,220000,Midfield ,19,89,66,63,41,30,17,69,40
ALI MACDONALD,258000,Midfield ,27,75,86,91,40,16,32,5,4
ELISEO VALDEZ,208000,Midfield ,33,74,47,86,69,49,35,53,0
RAYMON MULLEN,241000,Midfield ,28,68,24,84,100,51,19,27,6
MAN HEBERT,326000,Midfield ,24,76,100,97,54,84,32,48,3
BURT VASQUEZ,488000,Midfield ,16,100,100,82,80,70,81,6,29
HOYT TYLER,293000,Midfield ,25,95,80,66,49,94,29,87,42
FRITZ BERNARD,257000,Midfield ,28,46,100,82,70,13,36,46,40
EDMUNDO HERMAN,142000,Midfield ,38,60,21,87,92,5,7,66,50
JODY BUSH,185000,Midfield ,34,65,29,88,47,80,69,92,1
ALEXANDER MATA,318000,Midfield ,24,81,26,72,54,97,66,12,6
ERROL WOLF,228000,Midfield ,35,56,32,72,62,20,88,35,38
FRED HENDRIX,207000,Midfield ,18,35,78,74,26,34,17,34,31
DOMENIC BATES,274000,Midfield ,19,67,69,83,56,72,15,35,4
STAN SUAREZ,151000,Midfield ,35,62,17,87,62,83,9,69,5
DEL BERRY,257000,Midfield ,35,57,38,79,32,98,66,43,35
NICOLAS WALSH,339000,Midfield ,27,89,60,81,66,38,81,35,40
ROMAN GALLEGOS,141000,Midfield ,36,16,28,86,71,27,94,89,16
MOHAMMAD FARLEY,329000,Midfield ,32,65,44,87,78,84,64,43,46
DORIAN STANLEY,287000,Midfield ,30,26,40,94,81,79,87,73,43
RICH GATES,223000,Midfield ,32,74,42,85,43,74,4,45,42
ENOCH RANDOLPH,110000,Midfield ,34,84,28,80,34,23,51,90,2
ROYCE CALLAHAN,268000,Midfield ,33,76,54,72,31,55,89,50,40
JEREMIAH WALLS,159000,Midfield ,36,60,36,92,31,37,62,68,17
THAD BOYD,301000,Midfield ,24,73,81,91,57,95,45,73,4
EARL LONG,307000,Midfield ,26,100,45,91,81,12,56,23,23
LYNN GILBERT,97000,Midfield ,38,31,2,72,39,62,70,83,18
BRADLEY DAVIES,229000,Midfield ,19,90,24,83,33,2,73,51,32
VANCE GUERRERO,245000,Midfield ,16,76,63,94,63,3,20,28,2
TOMMIE PRICE,285000,Midfield ,21,13,70,80,79,98,48,47,7
JOAQUIN OCHOA,279000,Midfield ,21,30,85,81,51,77,11,31,38
GILBERT MCDANIEL,144000,Midfield ,31,67,46,70,16,22,58,70,28
JOESPH HURLEY,244000,Midfield ,37,28,40,79,77,23,84,13,37
RICHARD BRAY,228000,Midfield ,16,63,47,82,85,6,18,50,25
HYMAN ZAMORA,264000,Midfield ,33,50,57,92,44,69,96,55,10
BRANT FARRELL,231000,Midfield ,19,58,67,69,47,25,96,93,19
IRWIN TURNER,415200,Midfield Forward ,27,88,75,77,85,74,77,98,49
MATT HAMILTON,298800,Midfield Forward ,27,78,100,82,68,41,10,64,15
RANDOLPH HESTER,290400,Midfield Forward ,16,66,100,74,37,13,57,60,3
DUNCAN SOLOMON,483599,Midfield Forward ,19,69,97,84,71,100,35,6,10
RUSS COLLINS,286800,Midfield Forward ,23,70,53,84,71,68,41,88,9
CHET CHRISTIAN,427200,Midfield Forward ,16,68,64,76,77,86,64,68,37
ROOSEVELT CARSON,432000,Midfield Forward ,20,90,83,84,100,10,96,92,49
GERMAN THOMAS,255600,Midfield Forward ,17,84,59,76,24,24,2,34,29
STUART YANG,334800,Midfield Forward ,38,94,36,82,51,84,12,15,49
WADE RICH,129600,Midfield Forward ,30,72,35,83,47,13,9,95,34
CORTEZ AGUILAR,237600,Midfield Forward ,29,80,51,71,32,6,35,12,22
DONNIE PAGE,178799,Midfield Forward ,35,77,30,96,69,3,43,84,20
DALE MAHONEY,333599,Midfield Forward ,18,67,40,75,37,92,62,42,1
GRANVILLE GIBSON,345599,Midfield Forward ,16,86,59,69,46,21,75,24,4
EDWARDO FERGUSON,271200,Midfield Forward ,30,81,63,91,20,60,35,73,39
FELIX WHITEHEAD,489599,Midfield Forward ,26,96,92,68,69,92,53,18,34
JERALD BOND,279599,Midfield Forward ,17,86,22,74,35,32,97,69,7
MILO MCCOY,373200,Midfield Forward ,27,76,74,71,66,92,98,91,6
ALDO VEGA,472799,Midfield Forward ,22,83,73,88,48,82,51,8,43
MARGARITO ACOSTA,343200,Midfield Forward ,26,76,53,88,36,42,88,48,29
PABLO LONG,396000,Midfield Forward ,28,81,91,83,54,55,68,49,31
CHASE RASMUSSEN,276000,Midfield Forward ,18,72,71,73,53,3,96,94,10
LUPE MOONEY,350400,Midfield Forward ,37,77,53,86,56,84,31,21,37
WOODROW DICKSON,468000,Midfield Forward ,20,78,100,98,91,20,52,33,44
PATRICIA DYER,396000,Midfield Forward ,21,100,51,68,64,5,74,19,50
DARRIN RANGEL,357599,Midfield Forward ,23,97,37,71,44,71,91,77,33
MARVIN EVERETT,326400,Midfield Forward ,16,74,59,94,33,79,24,88,45
DEVIN BARAJAS,421200,Midfield Forward ,26,95,94,68,28,49,56,7,46
EZEKIEL FIELDS,463200,Midfield Forward ,22,68,100,100,31,65,97,55,46
CHET REED,478799,Midfield Forward ,18,77,92,100,60,45,69,32,42
SEAN GOODMAN,255600,Midfield Forward ,26,76,30,81,48,25,41,53,43
NUMBERS SEXTON,295200,Midfield Forward ,16,83,50,77,72,30,28,55,9
CYRUS SOTO,266400,Midfield Forward ,34,86,17,73,65,48,42,32,25
SUNG MAHONEY,426000,Midfield Forward ,18,78,59,90,78,69,6,13,42
NOE HOBBS,498000,Midfield Forward ,20,79,87,93,64,90,26,14,50
COURTNEY MERCER,253200,Midfield Forward ,37,100,21,71,73,27,43,63,50
TERRENCE DAVIDSON,432000,Midfield Forward ,17,52,58,78,65,100,84,39,13
MEL VILLA,351599,Midfield Forward ,26,77,90,75,66,1,68,19,13
DICK ONEILL,381599,Midfield Forward ,25,65,97,92,40,79,11,40,49
JEFFREY KIRBY,282000,Midfield Forward ,25,98,56,71,44,30,96,90,5
SHANNON WALTON,403200,Midfield Forward ,31,67,60,64,78,96,82,51,33
BENNIE GRIMES,393599,Midfield Forward ,27,96,63,77,77,19,71,37,43
DARRIN WISE,216000,Midfield Forward ,18,85,46,81,58,28,7,91,20
DAMON RUSSO,405599,Midfield Forward ,21,70,60,77,91,80,58,36,1
WADE KAISER,433200,Midfield Forward ,24,81,77,71,42,95,65,12,14
CHAD RYAN,331200,Midfield Forward ,24,72,62,67,60,98,13,71,47
WALKER BOWEN,428400,Midfield Forward ,17,83,48,82,82,82,78,78,31
EDGARDO THOMPSON,393599,Midfield Forward ,27,95,74,82,41,43,68,12,18
AL POTTER,442800,Midfield Forward ,20,88,100,80,67,41,16,3,40
GILBERT BARBER,154799,Midfield Forward ,37,72,32,93,46,14,11,37,9
FORREST NORRIS,295200,Midfield Forward ,38,84,37,100,54,41,63,51,32
DOMINGO SUTTON,252000,Midfield Forward ,31,63,36,80,52,33,82,76,33
MCKINLEY LI,243600,Midfield Forward ,33,76,52,81,75,68,31,81,0
NORBERT PENNINGTON,343200,Midfield Forward ,32,83,48,82,77,100,38,65,19
MOISES TUCKER,318000,Midfield Forward ,17,69,32,73,59,32,81,38,8
ISMAEL GRIFFITH,158400,Midfield Forward ,38,83,20,82,30,29,63,80,19
HOBERT HOWELL,339599,Midfield Forward ,29,82,44,87,86,8,46,11,28
OSVALDO BLAKE,349200,Midfield Forward ,37,78,33,90,76,76,26,6,29
JOEL MORTON,260399,Midfield Forward ,19,88,71,80,31,17,21,61,27
HUNTER ELLIS,195600,Midfield Forward ,33,69,45,79,84,1,32,66,18
CECIL ACOSTA,304800,Midfield Forward ,22,93,40,72,25,53,58,48,27
ALBERTO SOLOMON,325200,Midfield Forward ,27,87,48,89,58,38,63,49,18
ED DOWNS,297599,Midfield Forward ,30,70,52,81,79,61,35,69,29
LEON EWING,320400,Midfield Forward ,29,100,47,64,43,93,44,87,50
EARL SHARP,348000,Midfield Forward ,32,62,56,84,81,22,77,10,14
ALDO PENNINGTON,350400,Midfield Forward ,27,74,86,87,34,73,68,99,50
NATHANIAL GRIMES,384000,Midfield Forward ,16,79,54,91,87,83,0,38,12
BENTON BLAKE,222000,Midfield Forward ,35,87,43,70,51,3,40,29,25
ROYCE HICKMAN,387599,Midfield Forward ,31,72,62,71,36,84,85,16,22
DANE BUSH,402000,Midfield Forward ,26,90,52,96,58,32,92,40,33
HYMAN HEATH,284400,Midfield Forward ,27,65,86,71,54,36,35,40,11
KASEY WALSH,492000,Midfield Forward ,18,77,78,68,65,57,86,8,41
TY RAY,229200,Midfield Forward ,36,73,28,95,47,56,0,3,3
BENEDICT MULLINS,276000,Midfield Forward ,35,82,28,87,76,63,14,32,17
HARLEY COOLEY,352800,Midfield Forward ,34,75,43,69,41,96,52,14,34
ANDREAS HUYNH,514799,Midfield Forward ,27,83,85,81,72,99,94,32,28
BRADLY FLEMING,374400,Midfield Forward ,35,71,45,90,90,10,99,0,12
OSWALDO MULLINS,464400,Midfield Forward ,27,70,88,91,82,93,65,44,23
MILO CARPENTER,154799,Midfield Forward ,36,86,36,76,65,6,21,100,47
MATHEW LOWERY,297599,Midfield Forward ,17,83,41,67,16,37,38,5,22
CHESTER UNDERWOOD,246000,Midfield Forward ,33,63,37,85,50,42,68,65,24
GILBERTO DURAN,266400,Midfield Forward ,22,65,63,82,34,1,76,69,36
LACY RICH,229200,Midfield Forward ,35,86,21,82,21,50,28,8,16
MICHAL MCCARTY,358800,Midfield Forward ,17,69,80,89,55,69,43,90,35
TREY HERRERA,301200,Midfield Forward ,36,56,32,86,58,13,86,7,35
DARRON LAMBERT,235200,Midfield Forward ,30,75,40,86,56,2,38,34,23
CODY RIDDLE,205200,Midfield Forward ,38,83,16,80,55,1,76,46,20
